{
    "humaneval_generate_javascript_robust_code_stmt_exchange": {
        "origin_pass@1": 0.41379310344827586,
        "perturbated_pass@1": 0.13793103448275862,
        "pass-drop@1": 0.667,
        "neg2pos": 0,
        "pos2neg": 16,
        "count": 58
    }
}