{
    "humaneval_generate_java_robust_code_stmt_exchange": {
        "origin_pass@1": 0.5471698113207547,
        "perturbated_pass@1": 0.11320754716981132,
        "pass-drop@1": 0.793,
        "neg2pos": 2,
        "pos2neg": 25,
        "count": 53
    }
}