{
    "humaneval_generate_cpp_robust_insert_instruct": {
        "origin_pass@1": 0.774390243902439,
        "perturbated_pass@1": 0.7439024390243902,
        "pass-drop@1": 0.039,
        "neg2pos": 7,
        "pos2neg": 12,
        "count": 164
    }
}