{
    "mbpp_generate_java_robust_code_stmt_exchange_instruct": {
        "origin_pass@1": 0.5957446808510638,
        "perturbated_pass@1": 0.4627659574468085,
        "pass-drop@1": 0.223,
        "neg2pos": 5,
        "pos2neg": 30,
        "count": 188
    }
}