{
    "mbpp_generate_java_robust_code_expression_exchange": {
        "origin_pass@1": 0.697841726618705,
        "perturbated_pass@1": 0.4364508393285372,
        "pass-drop@1": 0.375,
        "neg2pos": 2,
        "pos2neg": 111,
        "count": 417
    }
}