{
    "humaneval_generate_cpp_robust_rename": {
        "origin_pass@1": 0.524390243902439,
        "perturbated_pass@1": 0.21341463414634146,
        "pass-drop@1": 0.593,
        "neg2pos": 4,
        "pos2neg": 55,
        "count": 164
    }
}