{
    "humaneval_generate_cpp_robust_combined_perturbation": {
        "origin_pass@1": 0.4876543209876543,
        "perturbated_pass@1": 0.3765432098765432,
        "pass-drop@1": 0.228,
        "neg2pos": 6,
        "pos2neg": 24,
        "count": 162
    }
}