{
    "mbpp_generate_cpp_robust_combined_perturbation": {
        "origin_pass@1": 0.6788617886178862,
        "perturbated_pass@1": 0.5630081300813008,
        "pass-drop@1": 0.171,
        "neg2pos": 11,
        "pos2neg": 68,
        "count": 492
    }
}