{
    "humaneval_generate_cpp_robust_insert_instruct": {
        "origin_pass@1": 0.5121951219512195,
        "perturbated_pass@1": 0.5487804878048781,
        "pass-drop@1": -0.071,
        "neg2pos": 18,
        "pos2neg": 12,
        "count": 164
    }
}