{
    "mbpp_generate_cpp_robust_rename_preprocess_normalize": {
        "origin_pass@1": 0.6633266533066132,
        "perturbated_pass@1": 0.6212424849699398,
        "pass-drop@1": 0.063,
        "neg2pos": 9,
        "pos2neg": 30,
        "count": 499
    }
}