{
    "humaneval_generate_cpp_robust_code_style_instruct": {
        "origin_pass@1": 0.774390243902439,
        "perturbated_pass@1": 0.7682926829268293,
        "pass-drop@1": 0.008,
        "neg2pos": 7,
        "pos2neg": 8,
        "count": 164
    }
}