{
    "humaneval_generate_javascript_robust_combined_perturbation_instruct": {
        "origin_pass@1": 0.38271604938271603,
        "perturbated_pass@1": 0.35802469135802467,
        "pass-drop@1": 0.065,
        "neg2pos": 20,
        "pos2neg": 24,
        "count": 162
    }
}