{
    "mbpp_generate_cpp_robust_rename_instruct_preprocess_normalize": {
        "origin_pass@1": 0.44488977955911824,
        "perturbated_pass@1": 0.41282565130260523,
        "pass-drop@1": 0.072,
        "neg2pos": 15,
        "pos2neg": 31,
        "count": 499
    }
}