{
    "mbpp_generate_python_robust_code_expression_exchange_instruct": {
        "origin_pass@1": 0.38073394495412843,
        "perturbated_pass@1": 0.3348623853211009,
        "pass-drop@1": 0.12,
        "neg2pos": 36,
        "pos2neg": 46,
        "count": 218
    }
}