{
    "humaneval_generate_cpp_robust_combined_perturbation": {
        "origin_pass@1": 0.24691358024691357,
        "perturbated_pass@1": 0.19135802469135801,
        "pass-drop@1": 0.225,
        "neg2pos": 3,
        "pos2neg": 12,
        "count": 162
    }
}