{
    "humaneval_generate_java_robust_combined_perturbation_instruct": {
        "origin_pass@1": 0.4110429447852761,
        "perturbated_pass@1": 0.26380368098159507,
        "pass-drop@1": 0.358,
        "neg2pos": 6,
        "pos2neg": 30,
        "count": 163
    }
}