{
    "mbpp_generate_javascript_robust_code_expression_exchange": {
        "origin_pass@1": 0.5483870967741935,
        "perturbated_pass@1": 0.5913978494623656,
        "pass-drop@1": -0.078,
        "neg2pos": 22,
        "pos2neg": 10,
        "count": 279
    }
}