{
    "humaneval_generate_javascript_robust_rename": {
        "origin_pass@1": 0.6890243902439024,
        "perturbated_pass@1": 0.6524390243902439,
        "pass-drop@1": 0.053,
        "neg2pos": 2,
        "pos2neg": 8,
        "count": 164
    }
}