{
    "humaneval_generate_cpp_robust_code_stmt_exchange": {
        "origin_pass@1": 0.2962962962962963,
        "perturbated_pass@1": 0.25925925925925924,
        "pass-drop@1": 0.125,
        "neg2pos": 1,
        "pos2neg": 2,
        "count": 27
    }
}