{
    "mbpp_generate_python_robust_code_expression_exchange": {
        "origin_pass@1": 0.5799086757990868,
        "perturbated_pass@1": 0.5342465753424658,
        "pass-drop@1": 0.079,
        "neg2pos": 6,
        "pos2neg": 16,
        "count": 219
    }
}