{
    "humaneval_generate_java_robust_insert": {
        "origin_pass@1": 0.7865853658536586,
        "perturbated_pass@1": 0.7195121951219512,
        "pass-drop@1": 0.085,
        "neg2pos": 4,
        "pos2neg": 15,
        "count": 164
    }
}