{
    "humaneval_generate_java_robust_code_stmt_exchange": {
        "origin_pass@1": 0.7169811320754716,
        "perturbated_pass@1": 0.16981132075471697,
        "pass-drop@1": 0.763,
        "neg2pos": 1,
        "pos2neg": 30,
        "count": 53
    }
}