{
    "mbpp_generate_cpp_robust_rename_instruct_1random_prompt": {
        "origin_pass@1": 0.43887775551102204,
        "perturbated_pass@1": 0.37675350701402804,
        "pass-drop@1": 0.142,
        "neg2pos": 13,
        "pos2neg": 44,
        "count": 499
    }
}