{
    "humaneval_generate_cpp_robust_insert": {
        "origin_pass@1": 0.5426829268292683,
        "perturbated_pass@1": 0.4268292682926829,
        "pass-drop@1": 0.213,
        "neg2pos": 3,
        "pos2neg": 22,
        "count": 164
    }
}