{
    "mbpp_generate_javascript_robust_combined_perturbation": {
        "origin_pass@1": 0.5184426229508197,
        "perturbated_pass@1": 0.430327868852459,
        "pass-drop@1": 0.17,
        "neg2pos": 12,
        "pos2neg": 55,
        "count": 488
    }
}