{
    "humaneval_generate_cpp_robust_rename": {
        "origin_pass@1": 0.7560975609756098,
        "perturbated_pass@1": 0.27439024390243905,
        "pass-drop@1": 0.637,
        "neg2pos": 0,
        "pos2neg": 79,
        "count": 164
    }
}