{
    "mbpp_generate_cpp_robust_combined_perturbation_instruct": {
        "origin_pass@1": 0.3776824034334764,
        "perturbated_pass@1": 0.3497854077253219,
        "pass-drop@1": 0.074,
        "neg2pos": 47,
        "pos2neg": 60,
        "count": 466
    }
}