{
    "mbpp_generate_javascript_robust_code_stmt_exchange": {
        "origin_pass@1": 0.4550561797752809,
        "perturbated_pass@1": 0.10674157303370786,
        "pass-drop@1": 0.765,
        "neg2pos": 3,
        "pos2neg": 65,
        "count": 178
    }
}