{
    "humaneval_generate_java_robust_rename": {
        "origin_pass@1": 0.6219512195121951,
        "perturbated_pass@1": 0.5975609756097561,
        "pass-drop@1": 0.039,
        "neg2pos": 3,
        "pos2neg": 7,
        "count": 164
    }
}