{
    "mbpp_generate_cpp_robust_code_expression_exchange_1random_prompt": {
        "origin_pass@1": 0.46396396396396394,
        "perturbated_pass@1": 0.4369369369369369,
        "pass-drop@1": 0.058,
        "neg2pos": 30,
        "pos2neg": 42,
        "count": 444
    }
}