{
    "mbpp_generate_python_robust_code_expression_exchange": {
        "origin_pass@1": 0.6210045662100456,
        "perturbated_pass@1": 0.547945205479452,
        "pass-drop@1": 0.118,
        "neg2pos": 4,
        "pos2neg": 20,
        "count": 219
    }
}