{
    "humaneval_generate_cpp_robust_rename": {
        "origin_pass@1": 0.5060975609756098,
        "perturbated_pass@1": 0.17073170731707318,
        "pass-drop@1": 0.663,
        "neg2pos": 1,
        "pos2neg": 56,
        "count": 164
    }
}