{
    "humaneval_generate_cpp_robust_combined_perturbation": {
        "origin_pass@1": 0.5246913580246914,
        "perturbated_pass@1": 0.38271604938271603,
        "pass-drop@1": 0.271,
        "neg2pos": 2,
        "pos2neg": 25,
        "count": 162
    }
}