{
    "humaneval_generate_java_robust_rename": {
        "origin_pass@1": 0.7560975609756098,
        "perturbated_pass@1": 0.7317073170731707,
        "pass-drop@1": 0.032,
        "neg2pos": 1,
        "pos2neg": 5,
        "count": 164
    }
}