{
    "humaneval_generate_python_robust_code_style": {
        "origin_pass@1": 0.8170731707317073,
        "perturbated_pass@1": 0.8292682926829268,
        "pass-drop@1": -0.015,
        "neg2pos": 3,
        "pos2neg": 1,
        "count": 164
    }
}