{
    "mbpp_generate_java_robust_code_stmt_exchange": {
        "origin_pass@1": 0.7659574468085106,
        "perturbated_pass@1": 0.2712765957446808,
        "pass-drop@1": 0.646,
        "neg2pos": 1,
        "pos2neg": 94,
        "count": 188
    }
}