{
    "mbpp_generate_cpp_robust_rename_instruct": {
        "origin_pass@1": 0.5370741482965932,
        "perturbated_pass@1": 0.5110220440881763,
        "pass-drop@1": 0.049,
        "neg2pos": 28,
        "pos2neg": 41,
        "count": 499
    }
}