{
    "mbpp_generate_java_robust_code_stmt_exchange_instruct": {
        "origin_pass@1": 0.32978723404255317,
        "perturbated_pass@1": 0.2872340425531915,
        "pass-drop@1": 0.129,
        "neg2pos": 13,
        "pos2neg": 21,
        "count": 188
    }
}