{
    "mbpp_generate_cpp_robust_combined_perturbation": {
        "origin_pass@1": 0.5487804878048781,
        "perturbated_pass@1": 0.4532520325203252,
        "pass-drop@1": 0.174,
        "neg2pos": 12,
        "pos2neg": 59,
        "count": 492
    }
}