{
    "humaneval_generate_javascript_robust_code_style": {
        "origin_pass@1": 0.6585365853658537,
        "perturbated_pass@1": 0.6829268292682927,
        "pass-drop@1": -0.037,
        "neg2pos": 4,
        "pos2neg": 0,
        "count": 164
    }
}