{
    "humaneval_generate_java_robust_rename_instruct": {
        "origin_pass@1": 0.8597560975609756,
        "perturbated_pass@1": 0.8048780487804879,
        "pass-drop@1": 0.064,
        "neg2pos": 4,
        "pos2neg": 13,
        "count": 164
    }
}