{
    "humaneval_generate_javascript_robust_insert": {
        "origin_pass@1": 0.4024390243902439,
        "perturbated_pass@1": 0.29878048780487804,
        "pass-drop@1": 0.258,
        "neg2pos": 6,
        "pos2neg": 23,
        "count": 164
    }
}