{
    "humaneval_generate_cpp_robust_combined_perturbation": {
        "origin_pass@1": 0.5925925925925926,
        "perturbated_pass@1": 0.4506172839506173,
        "pass-drop@1": 0.24,
        "neg2pos": 3,
        "pos2neg": 26,
        "count": 162
    }
}