{
    "humaneval_generate_java_robust_insert": {
        "origin_pass@1": 0.7560975609756098,
        "perturbated_pass@1": 0.6829268292682927,
        "pass-drop@1": 0.097,
        "neg2pos": 2,
        "pos2neg": 14,
        "count": 164
    }
}