{
    "humaneval_generate_javascript_robust_insert": {
        "origin_pass@1": 0.6036585365853658,
        "perturbated_pass@1": 0.4329268292682927,
        "pass-drop@1": 0.283,
        "neg2pos": 1,
        "pos2neg": 29,
        "count": 164
    }
}