{
    "mbpp_generate_cpp_robust_rename_instruct": {
        "origin_pass@1": 0.4849699398797595,
        "perturbated_pass@1": 0.45490981963927857,
        "pass-drop@1": 0.062,
        "neg2pos": 14,
        "pos2neg": 29,
        "count": 499
    }
}