{
    "mbpp_generate_cpp_robust_code_expression_exchange_5sorted_prompt": {
        "origin_pass@1": 0.5427927927927928,
        "perturbated_pass@1": 0.44819819819819817,
        "pass-drop@1": 0.174,
        "neg2pos": 7,
        "pos2neg": 49,
        "count": 444
    }
}