{
    "humaneval_generate_javascript_robust_code_style_instruct": {
        "origin_pass@1": 0.27439024390243905,
        "perturbated_pass@1": 0.31097560975609756,
        "pass-drop@1": -0.133,
        "neg2pos": 22,
        "pos2neg": 16,
        "count": 164
    }
}