{
    "humaneval_generate_java_robust_rename_instruct": {
        "origin_pass@1": 0.7560975609756098,
        "perturbated_pass@1": 0.6402439024390244,
        "pass-drop@1": 0.153,
        "neg2pos": 18,
        "pos2neg": 37,
        "count": 164
    }
}