{
    "humaneval_generate_javascript_robust_code_stmt_exchange": {
        "origin_pass@1": 0.27586206896551724,
        "perturbated_pass@1": 0.10344827586206896,
        "pass-drop@1": 0.625,
        "neg2pos": 0,
        "pos2neg": 10,
        "count": 58
    }
}