{
    "humaneval_generate_javascript_robust_rename": {
        "origin_pass@1": 0.4695121951219512,
        "perturbated_pass@1": 0.43902439024390244,
        "pass-drop@1": 0.065,
        "neg2pos": 7,
        "pos2neg": 12,
        "count": 164
    }
}