{
    "humaneval_generate_cpp_robust_code_style": {
        "origin_pass@1": 0.4878048780487805,
        "perturbated_pass@1": 0.4878048780487805,
        "pass-drop@1": 0.0,
        "neg2pos": 2,
        "pos2neg": 2,
        "count": 164
    }
}