{
    "mbpp_generate_cpp_robust_code_expression_exchange": {
        "origin_pass@1": 0.36261261261261263,
        "perturbated_pass@1": 0.32432432432432434,
        "pass-drop@1": 0.106,
        "neg2pos": 15,
        "pos2neg": 32,
        "count": 444
    }
}