{
    "humaneval_generate_java_robust_insert_instruct": {
        "origin_pass@1": 0.7317073170731707,
        "perturbated_pass@1": 0.7804878048780488,
        "pass-drop@1": -0.067,
        "neg2pos": 14,
        "pos2neg": 6,
        "count": 164
    }
}