{
    "mbpp_generate_cpp_robust_rename_instruct_1sorted_prompt": {
        "origin_pass@1": 0.7735470941883767,
        "perturbated_pass@1": 0.7434869739478958,
        "pass-drop@1": 0.039,
        "neg2pos": 8,
        "pos2neg": 23,
        "count": 499
    }
}