{
    "mbpp_generate_cpp_robust_rename_instruct_5sorted_prompt": {
        "origin_pass@1": 0.6212424849699398,
        "perturbated_pass@1": 0.5831663326653307,
        "pass-drop@1": 0.061,
        "neg2pos": 21,
        "pos2neg": 40,
        "count": 499
    }
}