{
    "humaneval_generate_cpp_robust_insert_instruct": {
        "origin_pass@1": 0.3048780487804878,
        "perturbated_pass@1": 0.31097560975609756,
        "pass-drop@1": -0.02,
        "neg2pos": 28,
        "pos2neg": 27,
        "count": 164
    }
}