{
    "humaneval_generate_java_robust_insert_instruct": {
        "origin_pass@1": 0.4695121951219512,
        "perturbated_pass@1": 0.3902439024390244,
        "pass-drop@1": 0.169,
        "neg2pos": 16,
        "pos2neg": 29,
        "count": 164
    }
}