{
    "humaneval_generate_cpp_robust_rename": {
        "origin_pass@1": 0.4878048780487805,
        "perturbated_pass@1": 0.18292682926829268,
        "pass-drop@1": 0.625,
        "neg2pos": 2,
        "pos2neg": 52,
        "count": 164
    }
}