{
    "mbpp_generate_javascript_robust_code_expression_exchange": {
        "origin_pass@1": 0.4838709677419355,
        "perturbated_pass@1": 0.45161290322580644,
        "pass-drop@1": 0.067,
        "neg2pos": 9,
        "pos2neg": 18,
        "count": 279
    }
}