{
    "mbpp_generate_cpp_robust_rename_instruct": {
        "origin_pass@1": 0.46292585170340683,
        "perturbated_pass@1": 0.4248496993987976,
        "pass-drop@1": 0.082,
        "neg2pos": 16,
        "pos2neg": 35,
        "count": 499
    }
}