{
    "mbpp_generate_java_robust_combined_perturbation": {
        "origin_pass@1": 0.685370741482966,
        "perturbated_pass@1": 0.4148296593186373,
        "pass-drop@1": 0.395,
        "neg2pos": 3,
        "pos2neg": 138,
        "count": 499
    }
}