{
    "mbpp_generate_javascript_robust_combined_perturbation": {
        "origin_pass@1": 0.6024590163934426,
        "perturbated_pass@1": 0.4651639344262295,
        "pass-drop@1": 0.228,
        "neg2pos": 9,
        "pos2neg": 76,
        "count": 488
    }
}