{
    "mbpp_generate_cpp_robust_rename_instruct_1sorted_prompt": {
        "origin_pass@1": 0.5731462925851704,
        "perturbated_pass@1": 0.5190380761523046,
        "pass-drop@1": 0.094,
        "neg2pos": 13,
        "pos2neg": 40,
        "count": 499
    }
}