{
    "humaneval_generate_cpp_robust_code_expression_exchange_instruct": {
        "origin_pass@1": 0.3902439024390244,
        "perturbated_pass@1": 0.39634146341463417,
        "pass-drop@1": -0.016,
        "neg2pos": 11,
        "pos2neg": 10,
        "count": 164
    }
}