{
    "mbpp_generate_python_robust_combined_perturbation_instruct": {
        "origin_pass@1": 0.7073684210526315,
        "perturbated_pass@1": 0.6336842105263157,
        "pass-drop@1": 0.104,
        "neg2pos": 22,
        "pos2neg": 57,
        "count": 475
    }
}