{
    "mbpp_generate_javascript_robust_combined_perturbation": {
        "origin_pass@1": 0.48360655737704916,
        "perturbated_pass@1": 0.32786885245901637,
        "pass-drop@1": 0.322,
        "neg2pos": 12,
        "pos2neg": 88,
        "count": 488
    }
}