{
    "humaneval_generate_cpp_robust_combined_perturbation_instruct": {
        "origin_pass@1": 0.5185185185185185,
        "perturbated_pass@1": 0.5308641975308642,
        "pass-drop@1": -0.024,
        "neg2pos": 12,
        "pos2neg": 10,
        "count": 162
    }
}