{
    "humaneval_generate_cpp_robust_code_stmt_exchange": {
        "origin_pass@1": 0.3333333333333333,
        "perturbated_pass@1": 0.2962962962962963,
        "pass-drop@1": 0.111,
        "neg2pos": 2,
        "pos2neg": 3,
        "count": 27
    }
}