{
    "humaneval_generate_javascript_robust_insert_instruct": {
        "origin_pass@1": 0.3902439024390244,
        "perturbated_pass@1": 0.42073170731707316,
        "pass-drop@1": -0.078,
        "neg2pos": 28,
        "pos2neg": 23,
        "count": 164
    }
}