{
    "humaneval_generate_java_robust_rename_instruct": {
        "origin_pass@1": 0.40853658536585363,
        "perturbated_pass@1": 0.2926829268292683,
        "pass-drop@1": 0.284,
        "neg2pos": 24,
        "pos2neg": 43,
        "count": 164
    }
}