{
    "humaneval_generate_python_robust_combined_perturbation_instruct": {
        "origin_pass@1": 0.43902439024390244,
        "perturbated_pass@1": 0.21341463414634146,
        "pass-drop@1": 0.514,
        "neg2pos": 8,
        "pos2neg": 45,
        "count": 164
    }
}