{
    "mbpp_generate_javascript_robust_combined_perturbation": {
        "origin_pass@1": 0.5163934426229508,
        "perturbated_pass@1": 0.39344262295081966,
        "pass-drop@1": 0.238,
        "neg2pos": 33,
        "pos2neg": 93,
        "count": 488
    }
}