{
    "mbpp_generate_java_robust_code_expression_exchange": {
        "origin_pass@1": 0.7242206235011991,
        "perturbated_pass@1": 0.49640287769784175,
        "pass-drop@1": 0.315,
        "neg2pos": 3,
        "pos2neg": 98,
        "count": 417
    }
}