{
    "mbpp_generate_cpp_robust_code_expression_exchange": {
        "origin_pass@1": 0.6846846846846847,
        "perturbated_pass@1": 0.5968468468468469,
        "pass-drop@1": 0.128,
        "neg2pos": 10,
        "pos2neg": 49,
        "count": 444
    }
}