{
    "humaneval_generate_python_robust_combined_perturbation": {
        "origin_pass@1": 0.36419753086419754,
        "perturbated_pass@1": 0.24074074074074073,
        "pass-drop@1": 0.339,
        "neg2pos": 17,
        "pos2neg": 37,
        "count": 162
    }
}