{
    "humaneval_generate_cpp_robust_rename": {
        "origin_pass@1": 0.31097560975609756,
        "perturbated_pass@1": 0.13414634146341464,
        "pass-drop@1": 0.569,
        "neg2pos": 5,
        "pos2neg": 34,
        "count": 164
    }
}