{
    "mbpp_generate_java_robust_code_expression_exchange_instruct": {
        "origin_pass@1": 0.17026378896882494,
        "perturbated_pass@1": 0.10071942446043165,
        "pass-drop@1": 0.408,
        "neg2pos": 2,
        "pos2neg": 31,
        "count": 417
    }
}