{
    "humaneval_generate_cpp_robust_insert": {
        "origin_pass@1": 0.43902439024390244,
        "perturbated_pass@1": 0.3353658536585366,
        "pass-drop@1": 0.236,
        "neg2pos": 1,
        "pos2neg": 18,
        "count": 164
    }
}