{
    "mbpp_generate_javascript_robust_combined_perturbation": {
        "origin_pass@1": 0.3463114754098361,
        "perturbated_pass@1": 0.26844262295081966,
        "pass-drop@1": 0.225,
        "neg2pos": 19,
        "pos2neg": 57,
        "count": 488
    }
}