{
    "mbpp_generate_javascript_robust_code_expression_exchange_instruct": {
        "origin_pass@1": 0.19855595667870035,
        "perturbated_pass@1": 0.18050541516245489,
        "pass-drop@1": 0.091,
        "neg2pos": 32,
        "pos2neg": 37,
        "count": 277
    }
}