{
    "humaneval_generate_cpp_robust_rename_instruct": {
        "origin_pass@1": 0.36585365853658536,
        "perturbated_pass@1": 0.24390243902439024,
        "pass-drop@1": 0.333,
        "neg2pos": 12,
        "pos2neg": 32,
        "count": 164
    }
}