{
    "humaneval_generate_python_robust_insert": {
        "origin_pass@1": 0.8170731707317073,
        "perturbated_pass@1": 0.6951219512195121,
        "pass-drop@1": 0.149,
        "neg2pos": 1,
        "pos2neg": 21,
        "count": 164
    }
}