{
    "humaneval_generate_python_robust_insert_instruct": {
        "origin_pass@1": 0.3780487804878049,
        "perturbated_pass@1": 0.3475609756097561,
        "pass-drop@1": 0.081,
        "neg2pos": 26,
        "pos2neg": 31,
        "count": 164
    }
}