{
    "mbpp_generate_cpp_robust_combined_perturbation": {
        "origin_pass@1": 0.6971544715447154,
        "perturbated_pass@1": 0.573170731707317,
        "pass-drop@1": 0.178,
        "neg2pos": 12,
        "pos2neg": 73,
        "count": 492
    }
}