{
    "humaneval_generate_javascript_robust_rename": {
        "origin_pass@1": 0.7195121951219512,
        "perturbated_pass@1": 0.6951219512195121,
        "pass-drop@1": 0.034,
        "neg2pos": 3,
        "pos2neg": 7,
        "count": 164
    }
}