{
    "humaneval_generate_javascript_robust_insert_instruct": {
        "origin_pass@1": 0.27439024390243905,
        "perturbated_pass@1": 0.3353658536585366,
        "pass-drop@1": -0.222,
        "neg2pos": 30,
        "pos2neg": 20,
        "count": 164
    }
}