{
    "mbpp_generate_javascript_robust_combined_perturbation": {
        "origin_pass@1": 0.47950819672131145,
        "perturbated_pass@1": 0.36885245901639346,
        "pass-drop@1": 0.231,
        "neg2pos": 16,
        "pos2neg": 70,
        "count": 488
    }
}