{
    "mbpp_generate_java_robust_code_expression_exchange_instruct": {
        "origin_pass@1": 0.5683453237410072,
        "perturbated_pass@1": 0.434052757793765,
        "pass-drop@1": 0.236,
        "neg2pos": 75,
        "pos2neg": 131,
        "count": 417
    }
}