{
    "humaneval_generate_cpp_robust_code_stmt_exchange": {
        "origin_pass@1": 0.48148148148148145,
        "perturbated_pass@1": 0.48148148148148145,
        "pass-drop@1": 0.0,
        "neg2pos": 2,
        "pos2neg": 2,
        "count": 27
    }
}