{
    "mbpp_generate_cpp_robust_code_expression_exchange": {
        "origin_pass@1": 0.668918918918919,
        "perturbated_pass@1": 0.5675675675675675,
        "pass-drop@1": 0.152,
        "neg2pos": 6,
        "pos2neg": 51,
        "count": 444
    }
}