{
    "humaneval_generate_python_robust_insert_instruct": {
        "origin_pass@1": 0.9207317073170732,
        "perturbated_pass@1": 0.8536585365853658,
        "pass-drop@1": 0.073,
        "neg2pos": 2,
        "pos2neg": 13,
        "count": 164
    }
}