{
    "mbpp_generate_java_robust_code_stmt_exchange": {
        "origin_pass@1": 0.6914893617021277,
        "perturbated_pass@1": 0.2074468085106383,
        "pass-drop@1": 0.7,
        "neg2pos": 4,
        "pos2neg": 95,
        "count": 188
    }
}