{
    "humaneval_generate_java_robust_code_stmt_exchange": {
        "origin_pass@1": 0.5283018867924528,
        "perturbated_pass@1": 0.1320754716981132,
        "pass-drop@1": 0.75,
        "neg2pos": 1,
        "pos2neg": 22,
        "count": 53
    }
}