{
    "mbpp_generate_javascript_robust_combined_perturbation": {
        "origin_pass@1": 0.5860655737704918,
        "perturbated_pass@1": 0.39549180327868855,
        "pass-drop@1": 0.325,
        "neg2pos": 11,
        "pos2neg": 104,
        "count": 488
    }
}