{
    "mbpp_generate_cpp_robust_combined_perturbation": {
        "origin_pass@1": 0.7296747967479674,
        "perturbated_pass@1": 0.6199186991869918,
        "pass-drop@1": 0.15,
        "neg2pos": 10,
        "pos2neg": 64,
        "count": 492
    }
}