{
    "mbpp_generate_javascript_robust_combined_perturbation": {
        "origin_pass@1": 0.17827868852459017,
        "perturbated_pass@1": 0.22950819672131148,
        "pass-drop@1": -0.287,
        "neg2pos": 65,
        "pos2neg": 40,
        "count": 488
    }
}