{
    "humaneval_generate_java_robust_code_expression_exchange": {
        "origin_pass@1": 0.8085106382978723,
        "perturbated_pass@1": 0.6595744680851063,
        "pass-drop@1": 0.184,
        "neg2pos": 1,
        "pos2neg": 22,
        "count": 141
    }
}