{
    "humaneval_generate_java_robust_code_style": {
        "origin_pass@1": 0.7865853658536586,
        "perturbated_pass@1": 0.7926829268292683,
        "pass-drop@1": -0.008,
        "neg2pos": 2,
        "pos2neg": 1,
        "count": 164
    }
}