{
    "mbpp_generate_java_robust_code_stmt_exchange": {
        "origin_pass@1": 0.6968085106382979,
        "perturbated_pass@1": 0.2978723404255319,
        "pass-drop@1": 0.573,
        "neg2pos": 4,
        "pos2neg": 79,
        "count": 188
    }
}