{
    "mbpp_generate_cpp_robust_rename_instruct_3random_prompt": {
        "origin_pass@1": 0.5671342685370742,
        "perturbated_pass@1": 0.5190380761523046,
        "pass-drop@1": 0.085,
        "neg2pos": 38,
        "pos2neg": 62,
        "count": 499
    }
}