{
    "mbpp_generate_cpp_robust_rename_instruct_5random_prompt": {
        "origin_pass@1": 0.6112224448897795,
        "perturbated_pass@1": 0.5490981963927856,
        "pass-drop@1": 0.102,
        "neg2pos": 23,
        "pos2neg": 54,
        "count": 499
    }
}