{
    "humaneval_generate_python_robust_rename": {
        "origin_pass@1": 0.7073170731707317,
        "perturbated_pass@1": 0.21951219512195122,
        "pass-drop@1": 0.69,
        "neg2pos": 3,
        "pos2neg": 83,
        "count": 164
    }
}