{
    "mbpp_generate_javascript_robust_code_stmt_exchange": {
        "origin_pass@1": 0.6685393258426966,
        "perturbated_pass@1": 0.20224719101123595,
        "pass-drop@1": 0.697,
        "neg2pos": 3,
        "pos2neg": 86,
        "count": 178
    }
}