{
    "humaneval_generate_javascript_robust_code_style": {
        "origin_pass@1": 0.5975609756097561,
        "perturbated_pass@1": 0.6097560975609756,
        "pass-drop@1": -0.02,
        "neg2pos": 5,
        "pos2neg": 3,
        "count": 164
    }
}