{
    "humaneval_generate_python_robust_code_style": {
        "origin_pass@1": 0.4146341463414634,
        "perturbated_pass@1": 0.4268292682926829,
        "pass-drop@1": -0.029,
        "neg2pos": 4,
        "pos2neg": 2,
        "count": 164
    }
}