{
    "humaneval_generate_python_robust_combined_perturbation": {
        "origin_pass@1": 0.8148148148148148,
        "perturbated_pass@1": 0.42592592592592593,
        "pass-drop@1": 0.477,
        "neg2pos": 1,
        "pos2neg": 64,
        "count": 162
    }
}