{
    "mbpp_generate_java_robust_code_expression_exchange": {
        "origin_pass@1": 0.7386091127098321,
        "perturbated_pass@1": 0.5179856115107914,
        "pass-drop@1": 0.299,
        "neg2pos": 13,
        "pos2neg": 105,
        "count": 417
    }
}