{
    "mbpp_generate_python_robust_code_expression_exchange": {
        "origin_pass@1": 0.6529680365296804,
        "perturbated_pass@1": 0.5707762557077626,
        "pass-drop@1": 0.126,
        "neg2pos": 1,
        "pos2neg": 19,
        "count": 219
    }
}