{
    "humaneval_generate_java_robust_code_expression_exchange": {
        "origin_pass@1": 0.7588652482269503,
        "perturbated_pass@1": 0.5886524822695035,
        "pass-drop@1": 0.224,
        "neg2pos": 2,
        "pos2neg": 26,
        "count": 141
    }
}