{
    "mbpp_generate_java_robust_combined_perturbation_instruct": {
        "origin_pass@1": 0.46234309623430964,
        "perturbated_pass@1": 0.3514644351464435,
        "pass-drop@1": 0.24,
        "neg2pos": 51,
        "pos2neg": 104,
        "count": 478
    }
}