{
    "humaneval_generate_javascript_robust_code_stmt_exchange": {
        "origin_pass@1": 0.5344827586206896,
        "perturbated_pass@1": 0.22413793103448276,
        "pass-drop@1": 0.581,
        "neg2pos": 0,
        "pos2neg": 18,
        "count": 58
    }
}