{
    "mbpp_generate_cpp_robust_code_expression_exchange_instruct": {
        "origin_pass@1": 0.38288288288288286,
        "perturbated_pass@1": 0.31981981981981983,
        "pass-drop@1": 0.165,
        "neg2pos": 12,
        "pos2neg": 40,
        "count": 444
    }
}