{
    "mbpp_generate_java_robust_code_expression_exchange": {
        "origin_pass@1": 0.7218225419664268,
        "perturbated_pass@1": 0.3645083932853717,
        "pass-drop@1": 0.495,
        "neg2pos": 2,
        "pos2neg": 151,
        "count": 417
    }
}