{
    "humaneval_generate_java_robust_rename": {
        "origin_pass@1": 0.8170731707317073,
        "perturbated_pass@1": 0.8170731707317073,
        "pass-drop@1": 0.0,
        "neg2pos": 2,
        "pos2neg": 2,
        "count": 164
    }
}