{
    "humaneval_generate_python_robust_rename": {
        "origin_pass@1": 0.8170731707317073,
        "perturbated_pass@1": 0.2865853658536585,
        "pass-drop@1": 0.649,
        "neg2pos": 1,
        "pos2neg": 88,
        "count": 164
    }
}