{
    "humaneval_generate_java_robust_code_expression_exchange": {
        "origin_pass@1": 0.7801418439716312,
        "perturbated_pass@1": 0.6170212765957447,
        "pass-drop@1": 0.209,
        "neg2pos": 1,
        "pos2neg": 24,
        "count": 141
    }
}