{
    "mbpp_generate_cpp_robust_rename": {
        "origin_pass@1": 0.7154308617234469,
        "perturbated_pass@1": 0.6973947895791583,
        "pass-drop@1": 0.025,
        "neg2pos": 12,
        "pos2neg": 21,
        "count": 499
    }
}