{
    "humaneval_generate_javascript_robust_combined_perturbation": {
        "origin_pass@1": 0.4430379746835443,
        "perturbated_pass@1": 0.3227848101265823,
        "pass-drop@1": 0.271,
        "neg2pos": 17,
        "pos2neg": 36,
        "count": 158
    }
}