{
    "mbpp_generate_cpp_robust_code_expression_exchange": {
        "origin_pass@1": 0.5630630630630631,
        "perturbated_pass@1": 0.481981981981982,
        "pass-drop@1": 0.144,
        "neg2pos": 5,
        "pos2neg": 41,
        "count": 444
    }
}