{
    "mbpp_generate_java_robust_code_stmt_exchange": {
        "origin_pass@1": 0.7180851063829787,
        "perturbated_pass@1": 0.23404255319148937,
        "pass-drop@1": 0.674,
        "neg2pos": 0,
        "pos2neg": 91,
        "count": 188
    }
}