{
    "humaneval_generate_cpp_robust_insert": {
        "origin_pass@1": 0.6646341463414634,
        "perturbated_pass@1": 0.4878048780487805,
        "pass-drop@1": 0.266,
        "neg2pos": 0,
        "pos2neg": 29,
        "count": 164
    }
}