{
    "mbpp_generate_cpp_robust_code_expression_exchange_instruct": {
        "origin_pass@1": 0.5981941309255079,
        "perturbated_pass@1": 0.5033860045146726,
        "pass-drop@1": 0.158,
        "neg2pos": 22,
        "pos2neg": 64,
        "count": 443
    }
}