{
    "humaneval_generate_python_robust_insert": {
        "origin_pass@1": 0.7926829268292683,
        "perturbated_pass@1": 0.6280487804878049,
        "pass-drop@1": 0.208,
        "neg2pos": 2,
        "pos2neg": 29,
        "count": 164
    }
}