{
    "mbpp_generate_cpp_robust_combined_perturbation": {
        "origin_pass@1": 0.37398373983739835,
        "perturbated_pass@1": 0.3983739837398374,
        "pass-drop@1": -0.065,
        "neg2pos": 79,
        "pos2neg": 67,
        "count": 492
    }
}