{
    "humaneval_generate_python_robust_code_style_instruct": {
        "origin_pass@1": 0.43902439024390244,
        "perturbated_pass@1": 0.4268292682926829,
        "pass-drop@1": 0.028,
        "neg2pos": 14,
        "pos2neg": 16,
        "count": 164
    }
}