{
    "humaneval_generate_python_robust_rename": {
        "origin_pass@1": 0.6036585365853658,
        "perturbated_pass@1": 0.18902439024390244,
        "pass-drop@1": 0.687,
        "neg2pos": 2,
        "pos2neg": 70,
        "count": 164
    }
}