{
    "humaneval_generate_java_robust_code_style_instruct": {
        "origin_pass@1": 0.8658536585365854,
        "perturbated_pass@1": 0.8536585365853658,
        "pass-drop@1": 0.014,
        "neg2pos": 0,
        "pos2neg": 2,
        "count": 164
    }
}