{
    "mbpp_generate_cpp_robust_code_expression_exchange_3random_prompt": {
        "origin_pass@1": 0.5022522522522522,
        "perturbated_pass@1": 0.43018018018018017,
        "pass-drop@1": 0.143,
        "neg2pos": 20,
        "pos2neg": 52,
        "count": 444
    }
}