{
    "humaneval_generate_cpp_robust_combined_perturbation": {
        "origin_pass@1": 0.30864197530864196,
        "perturbated_pass@1": 0.25925925925925924,
        "pass-drop@1": 0.16,
        "neg2pos": 5,
        "pos2neg": 13,
        "count": 162
    }
}