{
    "mbpp_generate_cpp_robust_code_expression_exchange": {
        "origin_pass@1": 0.6509009009009009,
        "perturbated_pass@1": 0.5540540540540541,
        "pass-drop@1": 0.149,
        "neg2pos": 8,
        "pos2neg": 51,
        "count": 444
    }
}