{
    "mbpp_generate_cpp_robust_code_stmt_exchange_instruct": {
        "origin_pass@1": 0.23529411764705882,
        "perturbated_pass@1": 0.17647058823529413,
        "pass-drop@1": 0.25,
        "neg2pos": 0,
        "pos2neg": 2,
        "count": 34
    }
}