{
    "humaneval_generate_cpp_robust_insert": {
        "origin_pass@1": 0.6341463414634146,
        "perturbated_pass@1": 0.5060975609756098,
        "pass-drop@1": 0.202,
        "neg2pos": 2,
        "pos2neg": 23,
        "count": 164
    }
}