{
    "humaneval_generate_java_robust_insert_instruct": {
        "origin_pass@1": 0.5365853658536586,
        "perturbated_pass@1": 0.4634146341463415,
        "pass-drop@1": 0.136,
        "neg2pos": 10,
        "pos2neg": 22,
        "count": 164
    }
}