{
    "mbpp_generate_javascript_robust_code_stmt_exchange": {
        "origin_pass@1": 0.6853932584269663,
        "perturbated_pass@1": 0.19662921348314608,
        "pass-drop@1": 0.713,
        "neg2pos": 5,
        "pos2neg": 92,
        "count": 178
    }
}