{
    "humaneval_generate_java_robust_rename_instruct": {
        "origin_pass@1": 0.7865853658536586,
        "perturbated_pass@1": 0.7378048780487805,
        "pass-drop@1": 0.062,
        "neg2pos": 3,
        "pos2neg": 11,
        "count": 164
    }
}