{
    "humaneval_generate_cpp_robust_combined_perturbation_instruct": {
        "origin_pass@1": 0.25925925925925924,
        "perturbated_pass@1": 0.2222222222222222,
        "pass-drop@1": 0.143,
        "neg2pos": 7,
        "pos2neg": 13,
        "count": 162
    }
}