{
    "humaneval_generate_cpp_robust_combined_perturbation": {
        "origin_pass@1": 0.5432098765432098,
        "perturbated_pass@1": 0.4012345679012346,
        "pass-drop@1": 0.261,
        "neg2pos": 2,
        "pos2neg": 25,
        "count": 162
    }
}