{
    "mbpp_generate_javascript_robust_code_stmt_exchange": {
        "origin_pass@1": 0.5674157303370787,
        "perturbated_pass@1": 0.12921348314606743,
        "pass-drop@1": 0.772,
        "neg2pos": 0,
        "pos2neg": 78,
        "count": 178
    }
}