{
    "humaneval_generate_java_robust_code_stmt_exchange": {
        "origin_pass@1": 0.4528301886792453,
        "perturbated_pass@1": 0.09433962264150944,
        "pass-drop@1": 0.792,
        "neg2pos": 1,
        "pos2neg": 20,
        "count": 53
    }
}