{
    "mbpp_generate_java_robust_code_expression_exchange": {
        "origin_pass@1": 0.06954436450839328,
        "perturbated_pass@1": 0.04316546762589928,
        "pass-drop@1": 0.379,
        "neg2pos": 5,
        "pos2neg": 16,
        "count": 417
    }
}