{
    "mbpp_generate_javascript_robust_code_stmt_exchange": {
        "origin_pass@1": 0.28651685393258425,
        "perturbated_pass@1": 0.06741573033707865,
        "pass-drop@1": 0.765,
        "neg2pos": 3,
        "pos2neg": 42,
        "count": 178
    }
}