{
    "mbpp_generate_cpp_robust_rename": {
        "origin_pass@1": 0.4228456913827655,
        "perturbated_pass@1": 0.4148296593186373,
        "pass-drop@1": 0.019,
        "neg2pos": 20,
        "pos2neg": 24,
        "count": 499
    }
}