{
    "humaneval_generate_javascript_robust_rename_instruct": {
        "origin_pass@1": 0.7012195121951219,
        "perturbated_pass@1": 0.6585365853658537,
        "pass-drop@1": 0.061,
        "neg2pos": 7,
        "pos2neg": 14,
        "count": 164
    }
}