{
    "humaneval_generate_cpp_robust_combined_perturbation_instruct": {
        "origin_pass@1": 0.2716049382716049,
        "perturbated_pass@1": 0.36419753086419754,
        "pass-drop@1": -0.341,
        "neg2pos": 38,
        "pos2neg": 23,
        "count": 162
    }
}