{
    "humaneval_generate_javascript_robust_rename_instruct": {
        "origin_pass@1": 0.3780487804878049,
        "perturbated_pass@1": 0.2804878048780488,
        "pass-drop@1": 0.258,
        "neg2pos": 9,
        "pos2neg": 25,
        "count": 164
    }
}