{
    "humaneval_generate_java_robust_rename_instruct": {
        "origin_pass@1": 0.8658536585365854,
        "perturbated_pass@1": 0.8597560975609756,
        "pass-drop@1": 0.007,
        "neg2pos": 3,
        "pos2neg": 4,
        "count": 164
    }
}