{
    "humaneval_generate_javascript_robust_code_style": {
        "origin_pass@1": 0.49390243902439024,
        "perturbated_pass@1": 0.4878048780487805,
        "pass-drop@1": 0.012,
        "neg2pos": 6,
        "pos2neg": 7,
        "count": 164
    }
}