{
    "humaneval_generate_javascript_robust_code_style_instruct": {
        "origin_pass@1": 0.3902439024390244,
        "perturbated_pass@1": 0.36585365853658536,
        "pass-drop@1": 0.062,
        "neg2pos": 21,
        "pos2neg": 25,
        "count": 164
    }
}