{
    "humaneval_generate_java_robust_code_stmt_exchange": {
        "origin_pass@1": 0.660377358490566,
        "perturbated_pass@1": 0.03773584905660377,
        "pass-drop@1": 0.943,
        "neg2pos": 1,
        "pos2neg": 34,
        "count": 53
    }
}