{
    "humaneval_generate_python_robust_rename_instruct": {
        "origin_pass@1": 0.5182926829268293,
        "perturbated_pass@1": 0.14634146341463414,
        "pass-drop@1": 0.718,
        "neg2pos": 6,
        "pos2neg": 67,
        "count": 164
    }
}