{
    "humaneval_generate_javascript_robust_insert_instruct": {
        "origin_pass@1": 0.3780487804878049,
        "perturbated_pass@1": 0.32926829268292684,
        "pass-drop@1": 0.129,
        "neg2pos": 9,
        "pos2neg": 17,
        "count": 164
    }
}