{
    "mbpp_generate_python_robust_combined_perturbation_instruct": {
        "origin_pass@1": 0.6589473684210526,
        "perturbated_pass@1": 0.5852631578947368,
        "pass-drop@1": 0.112,
        "neg2pos": 20,
        "pos2neg": 55,
        "count": 475
    }
}