{
    "mbpp_generate_cpp_robust_rename_instruct": {
        "origin_pass@1": 0.5791583166332666,
        "perturbated_pass@1": 0.5470941883767535,
        "pass-drop@1": 0.055,
        "neg2pos": 7,
        "pos2neg": 23,
        "count": 499
    }
}