{
    "humaneval_generate_python_robust_combined_perturbation": {
        "origin_pass@1": 0.7530864197530864,
        "perturbated_pass@1": 0.3271604938271605,
        "pass-drop@1": 0.566,
        "neg2pos": 5,
        "pos2neg": 74,
        "count": 162
    }
}