{
    "mbpp_generate_cpp_robust_rename_preprocess_normalize": {
        "origin_pass@1": 0.7054108216432866,
        "perturbated_pass@1": 0.6633266533066132,
        "pass-drop@1": 0.06,
        "neg2pos": 4,
        "pos2neg": 25,
        "count": 499
    }
}