{
    "humaneval_generate_cpp_robust_code_expression_exchange": {
        "origin_pass@1": 0.5426829268292683,
        "perturbated_pass@1": 0.47560975609756095,
        "pass-drop@1": 0.124,
        "neg2pos": 2,
        "pos2neg": 13,
        "count": 164
    }
}