{
    "humaneval_generate_javascript_robust_rename": {
        "origin_pass@1": 0.036585365853658534,
        "perturbated_pass@1": 0.03048780487804878,
        "pass-drop@1": 0.167,
        "neg2pos": 3,
        "pos2neg": 4,
        "count": 164
    }
}