{
    "mbpp_generate_cpp_robust_code_expression_exchange": {
        "origin_pass@1": 0.6711711711711712,
        "perturbated_pass@1": 0.5563063063063063,
        "pass-drop@1": 0.171,
        "neg2pos": 4,
        "pos2neg": 55,
        "count": 444
    }
}