{
    "humaneval_generate_python_robust_code_expression_exchange": {
        "origin_pass@1": 0.6057692307692307,
        "perturbated_pass@1": 0.33653846153846156,
        "pass-drop@1": 0.444,
        "neg2pos": 2,
        "pos2neg": 30,
        "count": 104
    }
}