{
    "humaneval_generate_java_robust_code_stmt_exchange": {
        "origin_pass@1": 0.7735849056603774,
        "perturbated_pass@1": 0.16981132075471697,
        "pass-drop@1": 0.78,
        "neg2pos": 0,
        "pos2neg": 32,
        "count": 53
    }
}