{
    "humaneval_generate_java_robust_code_style": {
        "origin_pass@1": 0.7560975609756098,
        "perturbated_pass@1": 0.7439024390243902,
        "pass-drop@1": 0.016,
        "neg2pos": 0,
        "pos2neg": 2,
        "count": 164
    }
}