{
    "humaneval_generate_python_robust_insert": {
        "origin_pass@1": 0.6036585365853658,
        "perturbated_pass@1": 0.47560975609756095,
        "pass-drop@1": 0.212,
        "neg2pos": 3,
        "pos2neg": 24,
        "count": 164
    }
}