{
    "mbpp_generate_java_robust_code_expression_exchange": {
        "origin_pass@1": 0.7338129496402878,
        "perturbated_pass@1": 0.4988009592326139,
        "pass-drop@1": 0.32,
        "neg2pos": 2,
        "pos2neg": 100,
        "count": 417
    }
}