{
    "humaneval_generate_cpp_robust_code_expression_exchange": {
        "origin_pass@1": 0.5914634146341463,
        "perturbated_pass@1": 0.524390243902439,
        "pass-drop@1": 0.113,
        "neg2pos": 1,
        "pos2neg": 12,
        "count": 164
    }
}