{
    "mbpp_generate_java_robust_code_stmt_exchange": {
        "origin_pass@1": 0.6595744680851063,
        "perturbated_pass@1": 0.2074468085106383,
        "pass-drop@1": 0.685,
        "neg2pos": 1,
        "pos2neg": 86,
        "count": 188
    }
}