{
    "humaneval_generate_javascript_robust_code_expression_exchange": {
        "origin_pass@1": 0.37404580152671757,
        "perturbated_pass@1": 0.32061068702290074,
        "pass-drop@1": 0.143,
        "neg2pos": 1,
        "pos2neg": 8,
        "count": 131
    }
}