{
    "mbpp_generate_cpp_robust_code_expression_exchange": {
        "origin_pass@1": 0.704954954954955,
        "perturbated_pass@1": 0.5855855855855856,
        "pass-drop@1": 0.169,
        "neg2pos": 0,
        "pos2neg": 53,
        "count": 444
    }
}