{
    "mbpp_generate_javascript_robust_code_style_3random_prompt": {
        "origin_pass@1": 0.46693386773547096,
        "perturbated_pass@1": 0.44889779559118237,
        "pass-drop@1": 0.039,
        "neg2pos": 13,
        "pos2neg": 22,
        "count": 499
    }
}