{
    "humaneval_generate_java_robust_code_expression_exchange_instruct": {
        "origin_pass@1": 0.45390070921985815,
        "perturbated_pass@1": 0.2765957446808511,
        "pass-drop@1": 0.391,
        "neg2pos": 10,
        "pos2neg": 35,
        "count": 141
    }
}