{
    "humaneval_generate_java_robust_rename_instruct": {
        "origin_pass@1": 0.31097560975609756,
        "perturbated_pass@1": 0.2621951219512195,
        "pass-drop@1": 0.157,
        "neg2pos": 10,
        "pos2neg": 18,
        "count": 164
    }
}