{
    "humaneval_generate_cpp_robust_code_style_instruct": {
        "origin_pass@1": 0.676829268292683,
        "perturbated_pass@1": 0.6890243902439024,
        "pass-drop@1": -0.018,
        "neg2pos": 9,
        "pos2neg": 7,
        "count": 164
    }
}