{
    "humaneval_generate_cpp_robust_combined_perturbation": {
        "origin_pass@1": 0.6604938271604939,
        "perturbated_pass@1": 0.47530864197530864,
        "pass-drop@1": 0.28,
        "neg2pos": 3,
        "pos2neg": 33,
        "count": 162
    }
}