{
    "mbpp_generate_cpp_robust_code_expression_exchange_instruct": {
        "origin_pass@1": 0.7562076749435666,
        "perturbated_pass@1": 0.6523702031602708,
        "pass-drop@1": 0.137,
        "neg2pos": 3,
        "pos2neg": 49,
        "count": 443
    }
}