{
    "mbpp_generate_cpp_robust_rename_instruct_3random_prompt": {
        "origin_pass@1": 0.45090180360721444,
        "perturbated_pass@1": 0.40681362725450904,
        "pass-drop@1": 0.098,
        "neg2pos": 18,
        "pos2neg": 40,
        "count": 499
    }
}