{
    "humaneval_generate_python_robust_code_style_instruct": {
        "origin_pass@1": 0.8414634146341463,
        "perturbated_pass@1": 0.8353658536585366,
        "pass-drop@1": 0.007,
        "neg2pos": 4,
        "pos2neg": 5,
        "count": 164
    }
}