{
    "mbpp_generate_python_robust_code_expression_exchange": {
        "origin_pass@1": 0.4794520547945205,
        "perturbated_pass@1": 0.4246575342465753,
        "pass-drop@1": 0.114,
        "neg2pos": 6,
        "pos2neg": 18,
        "count": 219
    }
}