{
    "humaneval_generate_javascript_robust_code_style": {
        "origin_pass@1": 0.5060975609756098,
        "perturbated_pass@1": 0.5182926829268293,
        "pass-drop@1": -0.024,
        "neg2pos": 3,
        "pos2neg": 1,
        "count": 164
    }
}