{
    "humaneval_generate_python_robust_code_style_instruct": {
        "origin_pass@1": 0.5182926829268293,
        "perturbated_pass@1": 0.49390243902439024,
        "pass-drop@1": 0.047,
        "neg2pos": 17,
        "pos2neg": 21,
        "count": 164
    }
}