{
    "humaneval_generate_java_robust_insert_instruct": {
        "origin_pass@1": 0.40853658536585363,
        "perturbated_pass@1": 0.4268292682926829,
        "pass-drop@1": -0.045,
        "neg2pos": 35,
        "pos2neg": 32,
        "count": 164
    }
}