{
    "humaneval_generate_javascript_robust_combined_perturbation_instruct": {
        "origin_pass@1": 0.38271604938271603,
        "perturbated_pass@1": 0.30864197530864196,
        "pass-drop@1": 0.194,
        "neg2pos": 10,
        "pos2neg": 22,
        "count": 162
    }
}