{
    "humaneval_generate_javascript_robust_code_style": {
        "origin_pass@1": 0.6036585365853658,
        "perturbated_pass@1": 0.6036585365853658,
        "pass-drop@1": 0.0,
        "neg2pos": 4,
        "pos2neg": 4,
        "count": 164
    }
}