{
    "humaneval_generate_python_robust_insert_instruct": {
        "origin_pass@1": 0.8414634146341463,
        "perturbated_pass@1": 0.7865853658536586,
        "pass-drop@1": 0.065,
        "neg2pos": 4,
        "pos2neg": 13,
        "count": 164
    }
}