{
    "humaneval_generate_python_robust_insert_instruct": {
        "origin_pass@1": 0.7439024390243902,
        "perturbated_pass@1": 0.6402439024390244,
        "pass-drop@1": 0.139,
        "neg2pos": 11,
        "pos2neg": 28,
        "count": 164
    }
}