{
    "humaneval_generate_javascript_robust_insert": {
        "origin_pass@1": 0.49390243902439024,
        "perturbated_pass@1": 0.3902439024390244,
        "pass-drop@1": 0.21,
        "neg2pos": 4,
        "pos2neg": 21,
        "count": 164
    }
}