{
    "humaneval_generate_cpp_robust_insert_instruct": {
        "origin_pass@1": 0.36585365853658536,
        "perturbated_pass@1": 0.3719512195121951,
        "pass-drop@1": -0.017,
        "neg2pos": 18,
        "pos2neg": 17,
        "count": 164
    }
}