{
    "humaneval_generate_javascript_robust_insert_instruct": {
        "origin_pass@1": 0.6097560975609756,
        "perturbated_pass@1": 0.5487804878048781,
        "pass-drop@1": 0.1,
        "neg2pos": 12,
        "pos2neg": 22,
        "count": 164
    }
}