{
    "humaneval_generate_python_robust_insert_instruct": {
        "origin_pass@1": 0.774390243902439,
        "perturbated_pass@1": 0.7804878048780488,
        "pass-drop@1": -0.008,
        "neg2pos": 12,
        "pos2neg": 11,
        "count": 164
    }
}