{
    "mbpp_generate_python_robust_code_expression_exchange": {
        "origin_pass@1": 0.6529680365296804,
        "perturbated_pass@1": 0.6027397260273972,
        "pass-drop@1": 0.077,
        "neg2pos": 5,
        "pos2neg": 16,
        "count": 219
    }
}