{
    "humaneval_generate_java_robust_code_style_instruct": {
        "origin_pass@1": 0.40853658536585363,
        "perturbated_pass@1": 0.4634146341463415,
        "pass-drop@1": -0.134,
        "neg2pos": 37,
        "pos2neg": 28,
        "count": 164
    }
}