{
    "mbpp_generate_cpp_robust_rename": {
        "origin_pass@1": 0.3727454909819639,
        "perturbated_pass@1": 0.3927855711422846,
        "pass-drop@1": -0.054,
        "neg2pos": 41,
        "pos2neg": 31,
        "count": 499
    }
}