{
    "humaneval_generate_javascript_robust_insert": {
        "origin_pass@1": 0.6036585365853658,
        "perturbated_pass@1": 0.4146341463414634,
        "pass-drop@1": 0.313,
        "neg2pos": 0,
        "pos2neg": 31,
        "count": 164
    }
}