{
    "humaneval_generate_cpp_robust_rename_instruct": {
        "origin_pass@1": 0.5121951219512195,
        "perturbated_pass@1": 0.3902439024390244,
        "pass-drop@1": 0.238,
        "neg2pos": 14,
        "pos2neg": 34,
        "count": 164
    }
}