{
    "humaneval_generate_cpp_robust_code_style_instruct": {
        "origin_pass@1": 0.725609756097561,
        "perturbated_pass@1": 0.7317073170731707,
        "pass-drop@1": -0.008,
        "neg2pos": 4,
        "pos2neg": 3,
        "count": 164
    }
}