{
    "humaneval_generate_java_robust_code_expression_exchange": {
        "origin_pass@1": 0.2978723404255319,
        "perturbated_pass@1": 0.2198581560283688,
        "pass-drop@1": 0.262,
        "neg2pos": 2,
        "pos2neg": 13,
        "count": 141
    }
}