{
    "mbpp_generate_java_robust_combined_perturbation_instruct": {
        "origin_pass@1": 0.7698744769874477,
        "perturbated_pass@1": 0.4874476987447699,
        "pass-drop@1": 0.367,
        "neg2pos": 12,
        "pos2neg": 147,
        "count": 478
    }
}