{
    "humaneval_generate_java_robust_code_stmt_exchange_instruct": {
        "origin_pass@1": 0.4339622641509434,
        "perturbated_pass@1": 0.24528301886792453,
        "pass-drop@1": 0.435,
        "neg2pos": 3,
        "pos2neg": 13,
        "count": 53
    }
}