{
    "humaneval_generate_python_robust_code_style": {
        "origin_pass@1": 0.6829268292682927,
        "perturbated_pass@1": 0.676829268292683,
        "pass-drop@1": 0.009,
        "neg2pos": 5,
        "pos2neg": 6,
        "count": 164
    }
}