{
    "mbpp_generate_cpp_robust_code_expression_exchange": {
        "origin_pass@1": 0.7162162162162162,
        "perturbated_pass@1": 0.6081081081081081,
        "pass-drop@1": 0.151,
        "neg2pos": 7,
        "pos2neg": 55,
        "count": 444
    }
}