{
    "humaneval_generate_cpp_robust_code_expression_exchange": {
        "origin_pass@1": 0.6646341463414634,
        "perturbated_pass@1": 0.6097560975609756,
        "pass-drop@1": 0.083,
        "neg2pos": 4,
        "pos2neg": 13,
        "count": 164
    }
}