{
    "humaneval_generate_java_robust_code_style": {
        "origin_pass@1": 0.6219512195121951,
        "perturbated_pass@1": 0.6280487804878049,
        "pass-drop@1": -0.01,
        "neg2pos": 1,
        "pos2neg": 0,
        "count": 164
    }
}