{
    "humaneval_generate_cpp_robust_code_stmt_exchange_instruct": {
        "origin_pass@1": 0.25925925925925924,
        "perturbated_pass@1": 0.18518518518518517,
        "pass-drop@1": 0.286,
        "neg2pos": 1,
        "pos2neg": 3,
        "count": 27
    }
}