{
    "humaneval_generate_cpp_robust_combined_perturbation": {
        "origin_pass@1": 0.43209876543209874,
        "perturbated_pass@1": 0.3271604938271605,
        "pass-drop@1": 0.243,
        "neg2pos": 2,
        "pos2neg": 19,
        "count": 162
    }
}