{
    "humaneval_generate_java_robust_rename": {
        "origin_pass@1": 0.5670731707317073,
        "perturbated_pass@1": 0.524390243902439,
        "pass-drop@1": 0.075,
        "neg2pos": 0,
        "pos2neg": 7,
        "count": 164
    }
}