{
    "mbpp_generate_javascript_robust_code_style_instruct_5random_prompt": {
        "origin_pass@1": 0.4378818737270876,
        "perturbated_pass@1": 0.43584521384928715,
        "pass-drop@1": 0.005,
        "neg2pos": 24,
        "pos2neg": 25,
        "count": 491
    }
}