{
    "mbpp_generate_cpp_robust_rename_instruct": {
        "origin_pass@1": 0.5971943887775552,
        "perturbated_pass@1": 0.5591182364729459,
        "pass-drop@1": 0.064,
        "neg2pos": 19,
        "pos2neg": 38,
        "count": 499
    }
}