{
    "mbpp_generate_javascript_robust_code_stmt_exchange": {
        "origin_pass@1": 0.1853932584269663,
        "perturbated_pass@1": 0.02247191011235955,
        "pass-drop@1": 0.879,
        "neg2pos": 1,
        "pos2neg": 30,
        "count": 178
    }
}