{
    "humaneval_generate_cpp_robust_insert_instruct": {
        "origin_pass@1": 0.676829268292683,
        "perturbated_pass@1": 0.6707317073170732,
        "pass-drop@1": 0.009,
        "neg2pos": 9,
        "pos2neg": 10,
        "count": 164
    }
}