{
    "humaneval_generate_python_robust_insert": {
        "origin_pass@1": 0.7682926829268293,
        "perturbated_pass@1": 0.573170731707317,
        "pass-drop@1": 0.254,
        "neg2pos": 1,
        "pos2neg": 33,
        "count": 164
    }
}