{
    "mbpp_generate_python_robust_code_expression_exchange": {
        "origin_pass@1": 0.5388127853881278,
        "perturbated_pass@1": 0.4703196347031963,
        "pass-drop@1": 0.127,
        "neg2pos": 3,
        "pos2neg": 18,
        "count": 219
    }
}