{
    "mbpp_generate_java_robust_combined_perturbation_instruct": {
        "origin_pass@1": 0.3305439330543933,
        "perturbated_pass@1": 0.06276150627615062,
        "pass-drop@1": 0.81,
        "neg2pos": 14,
        "pos2neg": 142,
        "count": 478
    }
}