{
    "mbpp_generate_java_robust_code_stmt_exchange_instruct": {
        "origin_pass@1": 0.7872340425531915,
        "perturbated_pass@1": 0.5957446808510638,
        "pass-drop@1": 0.243,
        "neg2pos": 2,
        "pos2neg": 38,
        "count": 188
    }
}