{
    "humaneval_generate_cpp_robust_code_stmt_exchange": {
        "origin_pass@1": 0.5185185185185185,
        "perturbated_pass@1": 0.4074074074074074,
        "pass-drop@1": 0.214,
        "neg2pos": 0,
        "pos2neg": 3,
        "count": 27
    }
}