{
    "humaneval_generate_python_robust_rename_instruct": {
        "origin_pass@1": 0.7378048780487805,
        "perturbated_pass@1": 0.2926829268292683,
        "pass-drop@1": 0.603,
        "neg2pos": 3,
        "pos2neg": 76,
        "count": 164
    }
}