{
    "humaneval_generate_javascript_robust_combined_perturbation": {
        "origin_pass@1": 0.3860759493670886,
        "perturbated_pass@1": 0.3227848101265823,
        "pass-drop@1": 0.164,
        "neg2pos": 1,
        "pos2neg": 11,
        "count": 158
    }
}