{
    "humaneval_generate_cpp_robust_insert_instruct": {
        "origin_pass@1": 0.4024390243902439,
        "perturbated_pass@1": 0.4695121951219512,
        "pass-drop@1": -0.167,
        "neg2pos": 31,
        "pos2neg": 20,
        "count": 164
    }
}