{
    "humaneval_generate_javascript_robust_combined_perturbation": {
        "origin_pass@1": 0.3924050632911392,
        "perturbated_pass@1": 0.2911392405063291,
        "pass-drop@1": 0.258,
        "neg2pos": 7,
        "pos2neg": 23,
        "count": 158
    }
}