{
    "mbpp_generate_java_robust_combined_perturbation": {
        "origin_pass@1": 0.751503006012024,
        "perturbated_pass@1": 0.4649298597194389,
        "pass-drop@1": 0.381,
        "neg2pos": 5,
        "pos2neg": 148,
        "count": 499
    }
}