{
    "humaneval_generate_java_robust_code_style": {
        "origin_pass@1": 0.6707317073170732,
        "perturbated_pass@1": 0.6280487804878049,
        "pass-drop@1": 0.064,
        "neg2pos": 0,
        "pos2neg": 7,
        "count": 164
    }
}