{
    "humaneval_generate_javascript_robust_rename_instruct": {
        "origin_pass@1": 0.7804878048780488,
        "perturbated_pass@1": 0.725609756097561,
        "pass-drop@1": 0.07,
        "neg2pos": 2,
        "pos2neg": 11,
        "count": 164
    }
}