{
    "humaneval_generate_python_robust_code_style_instruct": {
        "origin_pass@1": 0.6707317073170732,
        "perturbated_pass@1": 0.6524390243902439,
        "pass-drop@1": 0.027,
        "neg2pos": 6,
        "pos2neg": 9,
        "count": 164
    }
}