{
    "humaneval_generate_python_robust_code_style": {
        "origin_pass@1": 0.7560975609756098,
        "perturbated_pass@1": 0.7560975609756098,
        "pass-drop@1": 0.0,
        "neg2pos": 9,
        "pos2neg": 9,
        "count": 164
    }
}