{
    "humaneval_generate_java_robust_code_style_instruct": {
        "origin_pass@1": 0.4695121951219512,
        "perturbated_pass@1": 0.4146341463414634,
        "pass-drop@1": 0.117,
        "neg2pos": 19,
        "pos2neg": 28,
        "count": 164
    }
}