{
    "humaneval_generate_cpp_robust_rename": {
        "origin_pass@1": 0.6524390243902439,
        "perturbated_pass@1": 0.21951219512195122,
        "pass-drop@1": 0.664,
        "neg2pos": 0,
        "pos2neg": 71,
        "count": 164
    }
}