{
    "mbpp_generate_python_robust_code_expression_exchange": {
        "origin_pass@1": 0.5114155251141552,
        "perturbated_pass@1": 0.45662100456621,
        "pass-drop@1": 0.107,
        "neg2pos": 5,
        "pos2neg": 17,
        "count": 219
    }
}