{
    "humaneval_generate_java_robust_code_style": {
        "origin_pass@1": 0.7378048780487805,
        "perturbated_pass@1": 0.7317073170731707,
        "pass-drop@1": 0.008,
        "neg2pos": 1,
        "pos2neg": 2,
        "count": 164
    }
}