{
    "mbpp_generate_cpp_robust_rename_instruct_3sorted_prompt": {
        "origin_pass@1": 0.4749498997995992,
        "perturbated_pass@1": 0.42685370741482964,
        "pass-drop@1": 0.101,
        "neg2pos": 16,
        "pos2neg": 40,
        "count": 499
    }
}