{
    "mbpp_generate_python_robust_code_expression_exchange": {
        "origin_pass@1": 0.6529680365296804,
        "perturbated_pass@1": 0.5753424657534246,
        "pass-drop@1": 0.119,
        "neg2pos": 3,
        "pos2neg": 20,
        "count": 219
    }
}