{
    "mbpp_generate_java_robust_code_stmt_exchange": {
        "origin_pass@1": 0.6276595744680851,
        "perturbated_pass@1": 0.2553191489361702,
        "pass-drop@1": 0.593,
        "neg2pos": 3,
        "pos2neg": 73,
        "count": 188
    }
}