{
    "humaneval_generate_javascript_robust_rename_instruct": {
        "origin_pass@1": 0.7317073170731707,
        "perturbated_pass@1": 0.7134146341463414,
        "pass-drop@1": 0.025,
        "neg2pos": 6,
        "pos2neg": 9,
        "count": 164
    }
}