{
    "mbpp_generate_java_robust_code_stmt_exchange_instruct": {
        "origin_pass@1": 0.2765957446808511,
        "perturbated_pass@1": 0.28191489361702127,
        "pass-drop@1": -0.019,
        "neg2pos": 20,
        "pos2neg": 19,
        "count": 188
    }
}