{
    "mbpp_generate_java_robust_combined_perturbation": {
        "origin_pass@1": 0.7535070140280561,
        "perturbated_pass@1": 0.4529058116232465,
        "pass-drop@1": 0.399,
        "neg2pos": 3,
        "pos2neg": 153,
        "count": 499
    }
}