{
    "mbpp_generate_cpp_robust_rename": {
        "origin_pass@1": 0.6673346693386774,
        "perturbated_pass@1": 0.6513026052104208,
        "pass-drop@1": 0.024,
        "neg2pos": 12,
        "pos2neg": 20,
        "count": 499
    }
}