{
    "humaneval_generate_cpp_robust_rename": {
        "origin_pass@1": 0.34146341463414637,
        "perturbated_pass@1": 0.13414634146341464,
        "pass-drop@1": 0.607,
        "neg2pos": 4,
        "pos2neg": 38,
        "count": 164
    }
}