{
    "humaneval_generate_cpp_robust_insert_instruct": {
        "origin_pass@1": 0.2682926829268293,
        "perturbated_pass@1": 0.23170731707317074,
        "pass-drop@1": 0.136,
        "neg2pos": 12,
        "pos2neg": 18,
        "count": 164
    }
}