{
    "mbpp_generate_cpp_robust_rename_instruct_1sorted_prompt": {
        "origin_pass@1": 0.5190380761523046,
        "perturbated_pass@1": 0.48296593186372744,
        "pass-drop@1": 0.069,
        "neg2pos": 23,
        "pos2neg": 41,
        "count": 499
    }
}