{
    "humaneval_generate_java_robust_code_style_instruct": {
        "origin_pass@1": 0.5365853658536586,
        "perturbated_pass@1": 0.5609756097560976,
        "pass-drop@1": -0.045,
        "neg2pos": 12,
        "pos2neg": 8,
        "count": 164
    }
}