{
    "mbpp_generate_javascript_robust_combined_perturbation": {
        "origin_pass@1": 0.5614754098360656,
        "perturbated_pass@1": 0.430327868852459,
        "pass-drop@1": 0.234,
        "neg2pos": 11,
        "pos2neg": 75,
        "count": 488
    }
}