{
    "humaneval_generate_cpp_robust_insert": {
        "origin_pass@1": 0.6829268292682927,
        "perturbated_pass@1": 0.524390243902439,
        "pass-drop@1": 0.232,
        "neg2pos": 3,
        "pos2neg": 29,
        "count": 164
    }
}