{
    "humaneval_generate_javascript_robust_rename_instruct": {
        "origin_pass@1": 0.38414634146341464,
        "perturbated_pass@1": 0.31097560975609756,
        "pass-drop@1": 0.19,
        "neg2pos": 17,
        "pos2neg": 29,
        "count": 164
    }
}