{
    "mbpp_generate_javascript_robust_code_style_instruct": {
        "origin_pass@1": 0.5436105476673428,
        "perturbated_pass@1": 0.537525354969574,
        "pass-drop@1": 0.011,
        "neg2pos": 91,
        "pos2neg": 94,
        "count": 493
    }
}