{
    "humaneval_generate_javascript_robust_rename": {
        "origin_pass@1": 0.5060975609756098,
        "perturbated_pass@1": 0.4451219512195122,
        "pass-drop@1": 0.12,
        "neg2pos": 4,
        "pos2neg": 14,
        "count": 164
    }
}