{
    "humaneval_generate_python_robust_insert_instruct": {
        "origin_pass@1": 0.6707317073170732,
        "perturbated_pass@1": 0.6280487804878049,
        "pass-drop@1": 0.064,
        "neg2pos": 8,
        "pos2neg": 15,
        "count": 164
    }
}