{
    "mbpp_generate_cpp_robust_combined_perturbation_instruct": {
        "origin_pass@1": 0.48283261802575106,
        "perturbated_pass@1": 0.3798283261802575,
        "pass-drop@1": 0.213,
        "neg2pos": 22,
        "pos2neg": 70,
        "count": 466
    }
}