{
    "mbpp_generate_cpp_robust_code_expression_exchange": {
        "origin_pass@1": 0.5540540540540541,
        "perturbated_pass@1": 0.49099099099099097,
        "pass-drop@1": 0.114,
        "neg2pos": 7,
        "pos2neg": 35,
        "count": 444
    }
}