{
    "mbpp_generate_javascript_robust_code_stmt_exchange": {
        "origin_pass@1": 0.6235955056179775,
        "perturbated_pass@1": 0.19101123595505617,
        "pass-drop@1": 0.694,
        "neg2pos": 4,
        "pos2neg": 81,
        "count": 178
    }
}