{
    "humaneval_generate_java_robust_code_style_instruct": {
        "origin_pass@1": 0.7865853658536586,
        "perturbated_pass@1": 0.7987804878048781,
        "pass-drop@1": -0.016,
        "neg2pos": 4,
        "pos2neg": 2,
        "count": 164
    }
}