{
    "mbpp_generate_python_robust_combined_perturbation_instruct": {
        "origin_pass@1": 0.5726315789473684,
        "perturbated_pass@1": 0.4568421052631579,
        "pass-drop@1": 0.202,
        "neg2pos": 14,
        "pos2neg": 69,
        "count": 475
    }
}