{
    "humaneval_generate_java_robust_code_expression_exchange_instruct": {
        "origin_pass@1": 0.5531914893617021,
        "perturbated_pass@1": 0.45390070921985815,
        "pass-drop@1": 0.179,
        "neg2pos": 10,
        "pos2neg": 24,
        "count": 141
    }
}