{
    "humaneval_generate_javascript_robust_insert": {
        "origin_pass@1": 0.4573170731707317,
        "perturbated_pass@1": 0.21341463414634146,
        "pass-drop@1": 0.533,
        "neg2pos": 7,
        "pos2neg": 47,
        "count": 164
    }
}