{
    "mbpp_generate_python_robust_code_expression_exchange": {
        "origin_pass@1": 0.5205479452054794,
        "perturbated_pass@1": 0.4292237442922374,
        "pass-drop@1": 0.175,
        "neg2pos": 2,
        "pos2neg": 22,
        "count": 219
    }
}