{
    "humaneval_generate_javascript_robust_code_style_instruct": {
        "origin_pass@1": 0.3780487804878049,
        "perturbated_pass@1": 0.3231707317073171,
        "pass-drop@1": 0.145,
        "neg2pos": 8,
        "pos2neg": 17,
        "count": 164
    }
}