{
    "humaneval_generate_java_robust_code_stmt_exchange_instruct": {
        "origin_pass@1": 0.6792452830188679,
        "perturbated_pass@1": 0.39622641509433965,
        "pass-drop@1": 0.417,
        "neg2pos": 1,
        "pos2neg": 16,
        "count": 53
    }
}