{
    "mbpp_generate_cpp_robust_rename": {
        "origin_pass@1": 0.6092184368737475,
        "perturbated_pass@1": 0.5791583166332666,
        "pass-drop@1": 0.049,
        "neg2pos": 13,
        "pos2neg": 28,
        "count": 499
    }
}