{
    "humaneval_generate_cpp_robust_combined_perturbation_instruct": {
        "origin_pass@1": 0.3950617283950617,
        "perturbated_pass@1": 0.36419753086419754,
        "pass-drop@1": 0.078,
        "neg2pos": 12,
        "pos2neg": 17,
        "count": 162
    }
}