{
    "mbpp_generate_cpp_robust_rename_instruct_1random_prompt": {
        "origin_pass@1": 0.5470941883767535,
        "perturbated_pass@1": 0.5370741482965932,
        "pass-drop@1": 0.018,
        "neg2pos": 42,
        "pos2neg": 47,
        "count": 499
    }
}