{
    "humaneval_generate_python_robust_insert": {
        "origin_pass@1": 0.3597560975609756,
        "perturbated_pass@1": 0.3231707317073171,
        "pass-drop@1": 0.102,
        "neg2pos": 17,
        "pos2neg": 23,
        "count": 164
    }
}