{
    "humaneval_generate_python_robust_combined_perturbation": {
        "origin_pass@1": 0.7654320987654321,
        "perturbated_pass@1": 0.3765432098765432,
        "pass-drop@1": 0.508,
        "neg2pos": 2,
        "pos2neg": 65,
        "count": 162
    }
}