{
    "humaneval_generate_cpp_robust_insert_instruct": {
        "origin_pass@1": 0.25609756097560976,
        "perturbated_pass@1": 0.2621951219512195,
        "pass-drop@1": -0.024,
        "neg2pos": 10,
        "pos2neg": 9,
        "count": 164
    }
}