{
    "humaneval_generate_javascript_robust_insert": {
        "origin_pass@1": 0.7621951219512195,
        "perturbated_pass@1": 0.6036585365853658,
        "pass-drop@1": 0.208,
        "neg2pos": 3,
        "pos2neg": 29,
        "count": 164
    }
}