{
    "humaneval_generate_python_robust_rename_instruct": {
        "origin_pass@1": 0.774390243902439,
        "perturbated_pass@1": 0.35365853658536583,
        "pass-drop@1": 0.543,
        "neg2pos": 7,
        "pos2neg": 76,
        "count": 164
    }
}