{
    "humaneval_generate_javascript_robust_rename": {
        "origin_pass@1": 0.6585365853658537,
        "perturbated_pass@1": 0.6219512195121951,
        "pass-drop@1": 0.056,
        "neg2pos": 3,
        "pos2neg": 9,
        "count": 164
    }
}