{
    "mbpp_generate_java_robust_combined_perturbation": {
        "origin_pass@1": 0.6392785571142284,
        "perturbated_pass@1": 0.3787575150300601,
        "pass-drop@1": 0.408,
        "neg2pos": 6,
        "pos2neg": 136,
        "count": 499
    }
}