{
    "mbpp_generate_java_robust_code_stmt_exchange_instruct": {
        "origin_pass@1": 0.11702127659574468,
        "perturbated_pass@1": 0.11170212765957446,
        "pass-drop@1": 0.045,
        "neg2pos": 4,
        "pos2neg": 5,
        "count": 188
    }
}