{
    "humaneval_generate_java_robust_rename": {
        "origin_pass@1": 0.4451219512195122,
        "perturbated_pass@1": 0.34146341463414637,
        "pass-drop@1": 0.233,
        "neg2pos": 6,
        "pos2neg": 23,
        "count": 164
    }
}