{
    "humaneval_generate_javascript_robust_insert_instruct": {
        "origin_pass@1": 0.7317073170731707,
        "perturbated_pass@1": 0.7012195121951219,
        "pass-drop@1": 0.042,
        "neg2pos": 4,
        "pos2neg": 9,
        "count": 164
    }
}