{
    "humaneval_generate_cpp_robust_code_stmt_exchange": {
        "origin_pass@1": 0.6296296296296297,
        "perturbated_pass@1": 0.5925925925925926,
        "pass-drop@1": 0.059,
        "neg2pos": 3,
        "pos2neg": 4,
        "count": 27
    }
}