{
    "humaneval_generate_python_robust_insert": {
        "origin_pass@1": 0.7073170731707317,
        "perturbated_pass@1": 0.524390243902439,
        "pass-drop@1": 0.259,
        "neg2pos": 4,
        "pos2neg": 34,
        "count": 164
    }
}