{
    "humaneval_generate_javascript_robust_rename_instruct": {
        "origin_pass@1": 0.3902439024390244,
        "perturbated_pass@1": 0.3231707317073171,
        "pass-drop@1": 0.172,
        "neg2pos": 22,
        "pos2neg": 33,
        "count": 164
    }
}