{
    "humaneval_generate_cpp_robust_code_stmt_exchange": {
        "origin_pass@1": 0.4444444444444444,
        "perturbated_pass@1": 0.37037037037037035,
        "pass-drop@1": 0.167,
        "neg2pos": 0,
        "pos2neg": 2,
        "count": 27
    }
}