{
    "mbpp_generate_cpp_robust_rename_instruct_5random_prompt": {
        "origin_pass@1": 0.7855711422845691,
        "perturbated_pass@1": 0.7314629258517034,
        "pass-drop@1": 0.069,
        "neg2pos": 9,
        "pos2neg": 36,
        "count": 499
    }
}