{
    "humaneval_generate_cpp_robust_code_stmt_exchange": {
        "origin_pass@1": 0.3333333333333333,
        "perturbated_pass@1": 0.37037037037037035,
        "pass-drop@1": -0.111,
        "neg2pos": 1,
        "pos2neg": 0,
        "count": 27
    }
}