{
    "mbpp_generate_javascript_robust_code_expression_exchange": {
        "origin_pass@1": 0.5340501792114696,
        "perturbated_pass@1": 0.4910394265232975,
        "pass-drop@1": 0.081,
        "neg2pos": 2,
        "pos2neg": 14,
        "count": 279
    }
}