{
    "mbpp_generate_java_robust_combined_perturbation": {
        "origin_pass@1": 0.7234468937875751,
        "perturbated_pass@1": 0.45490981963927857,
        "pass-drop@1": 0.371,
        "neg2pos": 12,
        "pos2neg": 146,
        "count": 499
    }
}