{
    "humaneval_generate_python_robust_combined_perturbation": {
        "origin_pass@1": 0.5802469135802469,
        "perturbated_pass@1": 0.29012345679012347,
        "pass-drop@1": 0.5,
        "neg2pos": 1,
        "pos2neg": 48,
        "count": 162
    }
}