{
    "mbpp_generate_java_robust_code_stmt_exchange": {
        "origin_pass@1": 0.7074468085106383,
        "perturbated_pass@1": 0.2553191489361702,
        "pass-drop@1": 0.639,
        "neg2pos": 4,
        "pos2neg": 89,
        "count": 188
    }
}