{
    "humaneval_generate_javascript_robust_insert": {
        "origin_pass@1": 0.7195121951219512,
        "perturbated_pass@1": 0.4878048780487805,
        "pass-drop@1": 0.322,
        "neg2pos": 0,
        "pos2neg": 38,
        "count": 164
    }
}