{
    "humaneval_generate_cpp_robust_combined_perturbation": {
        "origin_pass@1": 0.6790123456790124,
        "perturbated_pass@1": 0.4876543209876543,
        "pass-drop@1": 0.282,
        "neg2pos": 2,
        "pos2neg": 33,
        "count": 162
    }
}