{
    "humaneval_generate_python_robust_code_expression_exchange": {
        "origin_pass@1": 0.7692307692307693,
        "perturbated_pass@1": 0.40384615384615385,
        "pass-drop@1": 0.475,
        "neg2pos": 0,
        "pos2neg": 38,
        "count": 104
    }
}