{
    "humaneval_generate_javascript_robust_code_style": {
        "origin_pass@1": 0.4695121951219512,
        "perturbated_pass@1": 0.4817073170731707,
        "pass-drop@1": -0.026,
        "neg2pos": 10,
        "pos2neg": 8,
        "count": 164
    }
}