{
    "humaneval_generate_python_robust_combined_perturbation": {
        "origin_pass@1": 0.9197530864197531,
        "perturbated_pass@1": 0.49382716049382713,
        "pass-drop@1": 0.463,
        "neg2pos": 1,
        "pos2neg": 70,
        "count": 162
    }
}