{
    "humaneval_generate_cpp_robust_rename_instruct": {
        "origin_pass@1": 0.25609756097560976,
        "perturbated_pass@1": 0.20121951219512196,
        "pass-drop@1": 0.214,
        "neg2pos": 10,
        "pos2neg": 19,
        "count": 164
    }
}