{
    "humaneval_generate_cpp_robust_code_style": {
        "origin_pass@1": 0.7560975609756098,
        "perturbated_pass@1": 0.7804878048780488,
        "pass-drop@1": -0.032,
        "neg2pos": 4,
        "pos2neg": 0,
        "count": 164
    }
}