{
    "mbpp_generate_cpp_robust_rename_instruct_5sorted_prompt": {
        "origin_pass@1": 0.7895791583166333,
        "perturbated_pass@1": 0.751503006012024,
        "pass-drop@1": 0.048,
        "neg2pos": 7,
        "pos2neg": 26,
        "count": 499
    }
}