{
    "humaneval_generate_java_robust_code_expression_exchange": {
        "origin_pass@1": 0.7730496453900709,
        "perturbated_pass@1": 0.6382978723404256,
        "pass-drop@1": 0.174,
        "neg2pos": 3,
        "pos2neg": 22,
        "count": 141
    }
}