{
    "humaneval_generate_cpp_robust_code_style_instruct": {
        "origin_pass@1": 0.2682926829268293,
        "perturbated_pass@1": 0.29878048780487804,
        "pass-drop@1": -0.114,
        "neg2pos": 18,
        "pos2neg": 13,
        "count": 164
    }
}