{
    "humaneval_generate_python_robust_rename": {
        "origin_pass@1": 0.3597560975609756,
        "perturbated_pass@1": 0.07926829268292683,
        "pass-drop@1": 0.78,
        "neg2pos": 2,
        "pos2neg": 48,
        "count": 164
    }
}