{
    "mbpp_generate_cpp_robust_combined_perturbation_instruct": {
        "origin_pass@1": 0.5515021459227468,
        "perturbated_pass@1": 0.26824034334763946,
        "pass-drop@1": 0.514,
        "neg2pos": 10,
        "pos2neg": 142,
        "count": 466
    }
}