{
    "humaneval_generate_java_robust_code_stmt_exchange": {
        "origin_pass@1": 0.7358490566037735,
        "perturbated_pass@1": 0.16981132075471697,
        "pass-drop@1": 0.769,
        "neg2pos": 0,
        "pos2neg": 30,
        "count": 53
    }
}