{
    "humaneval_generate_java_robust_code_stmt_exchange_instruct": {
        "origin_pass@1": 0.49056603773584906,
        "perturbated_pass@1": 0.22641509433962265,
        "pass-drop@1": 0.538,
        "neg2pos": 3,
        "pos2neg": 17,
        "count": 53
    }
}