{
    "mbpp_generate_python_robust_combined_perturbation_instruct": {
        "origin_pass@1": 0.6126315789473684,
        "perturbated_pass@1": 0.47789473684210526,
        "pass-drop@1": 0.22,
        "neg2pos": 16,
        "pos2neg": 80,
        "count": 475
    }
}