{
    "mbpp_generate_cpp_robust_code_expression_exchange_instruct": {
        "origin_pass@1": 0.5259593679458239,
        "perturbated_pass@1": 0.4717832957110609,
        "pass-drop@1": 0.103,
        "neg2pos": 34,
        "pos2neg": 58,
        "count": 443
    }
}