{
    "mbpp_generate_cpp_robust_code_stmt_exchange": {
        "origin_pass@1": 0.3235294117647059,
        "perturbated_pass@1": 0.29411764705882354,
        "pass-drop@1": 0.091,
        "neg2pos": 1,
        "pos2neg": 2,
        "count": 34
    }
}