{
    "mbpp_generate_javascript_robust_code_style_instruct": {
        "origin_pass@1": 0.42190669371196754,
        "perturbated_pass@1": 0.4158215010141988,
        "pass-drop@1": 0.014,
        "neg2pos": 93,
        "pos2neg": 96,
        "count": 493
    }
}