{
    "mbpp_generate_javascript_robust_combined_perturbation": {
        "origin_pass@1": 0.6004098360655737,
        "perturbated_pass@1": 0.4262295081967213,
        "pass-drop@1": 0.29,
        "neg2pos": 6,
        "pos2neg": 91,
        "count": 488
    }
}