{
    "mbpp_generate_java_robust_code_stmt_exchange_instruct": {
        "origin_pass@1": 0.4627659574468085,
        "perturbated_pass@1": 0.35638297872340424,
        "pass-drop@1": 0.23,
        "neg2pos": 8,
        "pos2neg": 28,
        "count": 188
    }
}