{
    "mbpp_generate_cpp_robust_code_expression_exchange": {
        "origin_pass@1": 0.5653153153153153,
        "perturbated_pass@1": 0.5225225225225225,
        "pass-drop@1": 0.076,
        "neg2pos": 16,
        "pos2neg": 35,
        "count": 444
    }
}