{
    "humaneval_generate_python_robust_code_style": {
        "origin_pass@1": 0.6036585365853658,
        "perturbated_pass@1": 0.6280487804878049,
        "pass-drop@1": -0.04,
        "neg2pos": 4,
        "pos2neg": 0,
        "count": 164
    }
}