{
    "humaneval_generate_cpp_robust_code_style": {
        "origin_pass@1": 0.5914634146341463,
        "perturbated_pass@1": 0.5914634146341463,
        "pass-drop@1": 0.0,
        "neg2pos": 3,
        "pos2neg": 3,
        "count": 164
    }
}