{
    "humaneval_generate_cpp_robust_rename_instruct": {
        "origin_pass@1": 0.676829268292683,
        "perturbated_pass@1": 0.39634146341463417,
        "pass-drop@1": 0.414,
        "neg2pos": 9,
        "pos2neg": 55,
        "count": 164
    }
}