{
    "humaneval_generate_python_robust_code_style": {
        "origin_pass@1": 0.3597560975609756,
        "perturbated_pass@1": 0.4878048780487805,
        "pass-drop@1": -0.356,
        "neg2pos": 23,
        "pos2neg": 2,
        "count": 164
    }
}