{
    "mbpp_generate_javascript_robust_code_expression_exchange": {
        "origin_pass@1": 0.6810035842293907,
        "perturbated_pass@1": 0.6344086021505376,
        "pass-drop@1": 0.068,
        "neg2pos": 4,
        "pos2neg": 17,
        "count": 279
    }
}