{
    "humaneval_generate_cpp_robust_combined_perturbation": {
        "origin_pass@1": 0.3333333333333333,
        "perturbated_pass@1": 0.2654320987654321,
        "pass-drop@1": 0.204,
        "neg2pos": 6,
        "pos2neg": 17,
        "count": 162
    }
}