{
    "mbpp_generate_cpp_robust_combined_perturbation": {
        "origin_pass@1": 0.5833333333333334,
        "perturbated_pass@1": 0.491869918699187,
        "pass-drop@1": 0.157,
        "neg2pos": 11,
        "pos2neg": 56,
        "count": 492
    }
}