{
    "humaneval_generate_cpp_robust_combined_perturbation_instruct": {
        "origin_pass@1": 0.30864197530864196,
        "perturbated_pass@1": 0.29012345679012347,
        "pass-drop@1": 0.06,
        "neg2pos": 17,
        "pos2neg": 20,
        "count": 162
    }
}