{
    "mbpp_generate_cpp_robust_rename": {
        "origin_pass@1": 0.7274549098196392,
        "perturbated_pass@1": 0.6693386773547094,
        "pass-drop@1": 0.08,
        "neg2pos": 4,
        "pos2neg": 33,
        "count": 499
    }
}