{
    "mbpp_generate_cpp_robust_code_stmt_exchange": {
        "origin_pass@1": 0.3235294117647059,
        "perturbated_pass@1": 0.35294117647058826,
        "pass-drop@1": -0.091,
        "neg2pos": 4,
        "pos2neg": 3,
        "count": 34
    }
}