{
    "humaneval_generate_javascript_robust_code_expression_exchange": {
        "origin_pass@1": 0.44274809160305345,
        "perturbated_pass@1": 0.3969465648854962,
        "pass-drop@1": 0.103,
        "neg2pos": 7,
        "pos2neg": 13,
        "count": 131
    }
}