{
    "humaneval_generate_python_robust_insert": {
        "origin_pass@1": 0.4146341463414634,
        "perturbated_pass@1": 0.34146341463414637,
        "pass-drop@1": 0.176,
        "neg2pos": 6,
        "pos2neg": 18,
        "count": 164
    }
}