{
    "humaneval_generate_java_robust_insert": {
        "origin_pass@1": 0.7378048780487805,
        "perturbated_pass@1": 0.6402439024390244,
        "pass-drop@1": 0.132,
        "neg2pos": 1,
        "pos2neg": 17,
        "count": 164
    }
}