{
    "humaneval_generate_javascript_robust_rename_instruct": {
        "origin_pass@1": 0.27439024390243905,
        "perturbated_pass@1": 0.2926829268292683,
        "pass-drop@1": -0.067,
        "neg2pos": 22,
        "pos2neg": 19,
        "count": 164
    }
}