{
    "mbpp_generate_javascript_robust_code_expression_exchange": {
        "origin_pass@1": 0.6200716845878136,
        "perturbated_pass@1": 0.5734767025089605,
        "pass-drop@1": 0.075,
        "neg2pos": 3,
        "pos2neg": 16,
        "count": 279
    }
}