{
    "humaneval_generate_cpp_robust_insert": {
        "origin_pass@1": 0.6646341463414634,
        "perturbated_pass@1": 0.49390243902439024,
        "pass-drop@1": 0.257,
        "neg2pos": 2,
        "pos2neg": 30,
        "count": 164
    }
}