{
    "humaneval_generate_java_robust_code_expression_exchange": {
        "origin_pass@1": 0.8226950354609929,
        "perturbated_pass@1": 0.6737588652482269,
        "pass-drop@1": 0.181,
        "neg2pos": 1,
        "pos2neg": 22,
        "count": 141
    }
}