{
    "humaneval_generate_python_robust_rename": {
        "origin_pass@1": 0.7682926829268293,
        "perturbated_pass@1": 0.27439024390243905,
        "pass-drop@1": 0.643,
        "neg2pos": 2,
        "pos2neg": 83,
        "count": 164
    }
}