{
    "mbpp_generate_cpp_robust_code_stmt_exchange": {
        "origin_pass@1": 0.29411764705882354,
        "perturbated_pass@1": 0.35294117647058826,
        "pass-drop@1": -0.2,
        "neg2pos": 3,
        "pos2neg": 1,
        "count": 34
    }
}