{
    "humaneval_generate_cpp_robust_insert": {
        "origin_pass@1": 0.7560975609756098,
        "perturbated_pass@1": 0.5853658536585366,
        "pass-drop@1": 0.226,
        "neg2pos": 3,
        "pos2neg": 31,
        "count": 164
    }
}