{
    "mbpp_generate_cpp_robust_rename_instruct": {
        "origin_pass@1": 0.3807615230460922,
        "perturbated_pass@1": 0.3466933867735471,
        "pass-drop@1": 0.089,
        "neg2pos": 18,
        "pos2neg": 35,
        "count": 499
    }
}