{
    "mbpp_generate_cpp_robust_combined_perturbation_instruct": {
        "origin_pass@1": 0.463519313304721,
        "perturbated_pass@1": 0.3111587982832618,
        "pass-drop@1": 0.329,
        "neg2pos": 22,
        "pos2neg": 93,
        "count": 466
    }
}