{
    "mbpp_generate_javascript_robust_combined_perturbation": {
        "origin_pass@1": 0.6536885245901639,
        "perturbated_pass@1": 0.4364754098360656,
        "pass-drop@1": 0.332,
        "neg2pos": 11,
        "pos2neg": 117,
        "count": 488
    }
}