{
    "humaneval_generate_python_robust_rename": {
        "origin_pass@1": 0.6829268292682927,
        "perturbated_pass@1": 0.21951219512195122,
        "pass-drop@1": 0.679,
        "neg2pos": 4,
        "pos2neg": 80,
        "count": 164
    }
}