{
    "humaneval_generate_python_robust_code_expression_exchange": {
        "origin_pass@1": 0.7307692307692307,
        "perturbated_pass@1": 0.41346153846153844,
        "pass-drop@1": 0.434,
        "neg2pos": 1,
        "pos2neg": 34,
        "count": 104
    }
}