{
    "humaneval_generate_java_robust_rename_instruct": {
        "origin_pass@1": 0.7317073170731707,
        "perturbated_pass@1": 0.6402439024390244,
        "pass-drop@1": 0.125,
        "neg2pos": 5,
        "pos2neg": 20,
        "count": 164
    }
}