{
    "humaneval_generate_python_robust_code_style": {
        "origin_pass@1": 0.7682926829268293,
        "perturbated_pass@1": 0.7682926829268293,
        "pass-drop@1": 0.0,
        "neg2pos": 4,
        "pos2neg": 4,
        "count": 164
    }
}