{
    "mbpp_generate_java_robust_combined_perturbation_instruct": {
        "origin_pass@1": 0.21338912133891214,
        "perturbated_pass@1": 0.1694560669456067,
        "pass-drop@1": 0.206,
        "neg2pos": 48,
        "pos2neg": 69,
        "count": 478
    }
}