{
    "humaneval_generate_cpp_robust_code_expression_exchange_instruct": {
        "origin_pass@1": 0.2682926829268293,
        "perturbated_pass@1": 0.27439024390243905,
        "pass-drop@1": -0.023,
        "neg2pos": 25,
        "pos2neg": 24,
        "count": 164
    }
}