{
    "mbpp_generate_cpp_robust_combined_perturbation_instruct": {
        "origin_pass@1": 0.5965665236051502,
        "perturbated_pass@1": 0.4184549356223176,
        "pass-drop@1": 0.299,
        "neg2pos": 14,
        "pos2neg": 97,
        "count": 466
    }
}