{
    "humaneval_generate_python_robust_rename_instruct": {
        "origin_pass@1": 0.6707317073170732,
        "perturbated_pass@1": 0.21341463414634146,
        "pass-drop@1": 0.682,
        "neg2pos": 12,
        "pos2neg": 87,
        "count": 164
    }
}