{
    "mbpp_generate_javascript_robust_combined_perturbation_instruct": {
        "origin_pass@1": 0.24235294117647058,
        "perturbated_pass@1": 0.3035294117647059,
        "pass-drop@1": -0.252,
        "neg2pos": 67,
        "pos2neg": 41,
        "count": 425
    }
}