{
    "humaneval_generate_cpp_robust_code_expression_exchange": {
        "origin_pass@1": 0.4878048780487805,
        "perturbated_pass@1": 0.4573170731707317,
        "pass-drop@1": 0.062,
        "neg2pos": 5,
        "pos2neg": 10,
        "count": 164
    }
}