{
    "humaneval_generate_python_robust_code_expression_exchange": {
        "origin_pass@1": 0.7596153846153846,
        "perturbated_pass@1": 0.4230769230769231,
        "pass-drop@1": 0.443,
        "neg2pos": 1,
        "pos2neg": 36,
        "count": 104
    }
}