{
    "mbpp_generate_cpp_robust_rename_instruct_preprocess_normalize": {
        "origin_pass@1": 0.48296593186372744,
        "perturbated_pass@1": 0.4529058116232465,
        "pass-drop@1": 0.062,
        "neg2pos": 16,
        "pos2neg": 31,
        "count": 499
    }
}