{
    "mbpp_generate_java_robust_code_stmt_exchange_instruct": {
        "origin_pass@1": 0.675531914893617,
        "perturbated_pass@1": 0.5531914893617021,
        "pass-drop@1": 0.181,
        "neg2pos": 2,
        "pos2neg": 25,
        "count": 188
    }
}