{
    "mbpp_generate_java_robust_code_expression_exchange": {
        "origin_pass@1": 0.7697841726618705,
        "perturbated_pass@1": 0.5227817745803357,
        "pass-drop@1": 0.321,
        "neg2pos": 7,
        "pos2neg": 110,
        "count": 417
    }
}