{
    "humaneval_generate_python_robust_insert": {
        "origin_pass@1": 0.7439024390243902,
        "perturbated_pass@1": 0.5914634146341463,
        "pass-drop@1": 0.205,
        "neg2pos": 2,
        "pos2neg": 27,
        "count": 164
    }
}