{
    "humaneval_generate_python_robust_insert_instruct": {
        "origin_pass@1": 0.6707317073170732,
        "perturbated_pass@1": 0.6219512195121951,
        "pass-drop@1": 0.073,
        "neg2pos": 22,
        "pos2neg": 30,
        "count": 164
    }
}