{
    "mbpp_generate_javascript_robust_code_style_instruct": {
        "origin_pass@1": 0.6896551724137931,
        "perturbated_pass@1": 0.6835699797160243,
        "pass-drop@1": 0.009,
        "neg2pos": 4,
        "pos2neg": 7,
        "count": 493
    }
}