{
    "mbpp_generate_java_robust_combined_perturbation_instruct": {
        "origin_pass@1": 0.6652719665271967,
        "perturbated_pass@1": 0.3702928870292887,
        "pass-drop@1": 0.443,
        "neg2pos": 8,
        "pos2neg": 149,
        "count": 478
    }
}