{
    "humaneval_generate_javascript_robust_code_style": {
        "origin_pass@1": 0.6890243902439024,
        "perturbated_pass@1": 0.676829268292683,
        "pass-drop@1": 0.018,
        "neg2pos": 0,
        "pos2neg": 2,
        "count": 164
    }
}