{
    "mbpp_generate_javascript_robust_code_expression_exchange": {
        "origin_pass@1": 0.6093189964157706,
        "perturbated_pass@1": 0.5698924731182796,
        "pass-drop@1": 0.065,
        "neg2pos": 5,
        "pos2neg": 16,
        "count": 279
    }
}