{
    "humaneval_generate_javascript_robust_rename": {
        "origin_pass@1": 0.49390243902439024,
        "perturbated_pass@1": 0.4573170731707317,
        "pass-drop@1": 0.074,
        "neg2pos": 3,
        "pos2neg": 9,
        "count": 164
    }
}