{
    "mbpp_generate_java_robust_code_stmt_exchange": {
        "origin_pass@1": 0.7819148936170213,
        "perturbated_pass@1": 0.2712765957446808,
        "pass-drop@1": 0.653,
        "neg2pos": 2,
        "pos2neg": 98,
        "count": 188
    }
}