{
    "mbpp_generate_cpp_robust_code_expression_exchange_instruct": {
        "origin_pass@1": 0.31376975169300225,
        "perturbated_pass@1": 0.26410835214446954,
        "pass-drop@1": 0.158,
        "neg2pos": 12,
        "pos2neg": 34,
        "count": 443
    }
}