{
    "mbpp_generate_cpp_robust_rename": {
        "origin_pass@1": 0.6733466933867736,
        "perturbated_pass@1": 0.6412825651302605,
        "pass-drop@1": 0.048,
        "neg2pos": 12,
        "pos2neg": 28,
        "count": 499
    }
}