{
    "humaneval_generate_java_robust_rename": {
        "origin_pass@1": 0.774390243902439,
        "perturbated_pass@1": 0.774390243902439,
        "pass-drop@1": 0.0,
        "neg2pos": 6,
        "pos2neg": 6,
        "count": 164
    }
}