{
    "humaneval_generate_javascript_robust_rename_instruct": {
        "origin_pass@1": 0.5304878048780488,
        "perturbated_pass@1": 0.524390243902439,
        "pass-drop@1": 0.011,
        "neg2pos": 27,
        "pos2neg": 28,
        "count": 164
    }
}