{
    "mbpp_generate_java_robust_code_expression_exchange_instruct": {
        "origin_pass@1": 0.27817745803357313,
        "perturbated_pass@1": 0.21103117505995203,
        "pass-drop@1": 0.241,
        "neg2pos": 12,
        "pos2neg": 40,
        "count": 417
    }
}