{
    "humaneval_generate_java_robust_insert": {
        "origin_pass@1": 0.7560975609756098,
        "perturbated_pass@1": 0.6707317073170732,
        "pass-drop@1": 0.113,
        "neg2pos": 1,
        "pos2neg": 15,
        "count": 164
    }
}