{
    "humaneval_generate_java_robust_code_expression_exchange": {
        "origin_pass@1": 0.900709219858156,
        "perturbated_pass@1": 0.7304964539007093,
        "pass-drop@1": 0.189,
        "neg2pos": 2,
        "pos2neg": 26,
        "count": 141
    }
}