{
    "humaneval_generate_javascript_robust_rename_instruct": {
        "origin_pass@1": 0.24390243902439024,
        "perturbated_pass@1": 0.23170731707317074,
        "pass-drop@1": 0.05,
        "neg2pos": 24,
        "pos2neg": 26,
        "count": 164
    }
}