{
    "humaneval_generate_cpp_robust_insert": {
        "origin_pass@1": 0.5060975609756098,
        "perturbated_pass@1": 0.4268292682926829,
        "pass-drop@1": 0.157,
        "neg2pos": 6,
        "pos2neg": 19,
        "count": 164
    }
}