{
    "humaneval_generate_javascript_robust_rename_instruct": {
        "origin_pass@1": 0.6097560975609756,
        "perturbated_pass@1": 0.573170731707317,
        "pass-drop@1": 0.06,
        "neg2pos": 10,
        "pos2neg": 16,
        "count": 164
    }
}