{
    "humaneval_generate_python_robust_insert": {
        "origin_pass@1": 0.6829268292682927,
        "perturbated_pass@1": 0.4817073170731707,
        "pass-drop@1": 0.295,
        "neg2pos": 3,
        "pos2neg": 36,
        "count": 164
    }
}