{
    "humaneval_generate_python_robust_code_style": {
        "origin_pass@1": 0.7073170731707317,
        "perturbated_pass@1": 0.6829268292682927,
        "pass-drop@1": 0.034,
        "neg2pos": 3,
        "pos2neg": 7,
        "count": 164
    }
}