{
    "mbpp_generate_cpp_robust_code_stmt_exchange_instruct": {
        "origin_pass@1": 0.20588235294117646,
        "perturbated_pass@1": 0.17647058823529413,
        "pass-drop@1": 0.143,
        "neg2pos": 1,
        "pos2neg": 2,
        "count": 34
    }
}