{
    "humaneval_generate_java_robust_code_style": {
        "origin_pass@1": 0.2926829268292683,
        "perturbated_pass@1": 0.3231707317073171,
        "pass-drop@1": -0.104,
        "neg2pos": 14,
        "pos2neg": 9,
        "count": 164
    }
}