{
    "mbpp_generate_javascript_robust_code_stmt_exchange": {
        "origin_pass@1": 0.5898876404494382,
        "perturbated_pass@1": 0.14606741573033707,
        "pass-drop@1": 0.752,
        "neg2pos": 2,
        "pos2neg": 81,
        "count": 178
    }
}