{
    "humaneval_generate_javascript_robust_rename_instruct": {
        "origin_pass@1": 0.5060975609756098,
        "perturbated_pass@1": 0.4695121951219512,
        "pass-drop@1": 0.072,
        "neg2pos": 11,
        "pos2neg": 17,
        "count": 164
    }
}