{
    "humaneval_generate_python_robust_rename": {
        "origin_pass@1": 0.8170731707317073,
        "perturbated_pass@1": 0.2926829268292683,
        "pass-drop@1": 0.642,
        "neg2pos": 1,
        "pos2neg": 87,
        "count": 164
    }
}