{
    "humaneval_generate_javascript_robust_code_stmt_exchange": {
        "origin_pass@1": 0.6551724137931034,
        "perturbated_pass@1": 0.3103448275862069,
        "pass-drop@1": 0.526,
        "neg2pos": 1,
        "pos2neg": 21,
        "count": 58
    }
}