{
    "humaneval_generate_cpp_robust_combined_perturbation_instruct": {
        "origin_pass@1": 0.2716049382716049,
        "perturbated_pass@1": 0.2962962962962963,
        "pass-drop@1": -0.091,
        "neg2pos": 20,
        "pos2neg": 16,
        "count": 162
    }
}