{
    "humaneval_generate_cpp_robust_code_style": {
        "origin_pass@1": 0.524390243902439,
        "perturbated_pass@1": 0.5365853658536586,
        "pass-drop@1": -0.023,
        "neg2pos": 2,
        "pos2neg": 0,
        "count": 164
    }
}