{
    "humaneval_generate_java_robust_code_stmt_exchange": {
        "origin_pass@1": 0.8113207547169812,
        "perturbated_pass@1": 0.16981132075471697,
        "pass-drop@1": 0.791,
        "neg2pos": 1,
        "pos2neg": 35,
        "count": 53
    }
}