{
    "humaneval_generate_javascript_robust_code_stmt_exchange": {
        "origin_pass@1": 0.3793103448275862,
        "perturbated_pass@1": 0.1206896551724138,
        "pass-drop@1": 0.682,
        "neg2pos": 2,
        "pos2neg": 17,
        "count": 58
    }
}