{
    "humaneval_generate_javascript_robust_code_style": {
        "origin_pass@1": 0.6036585365853658,
        "perturbated_pass@1": 0.6524390243902439,
        "pass-drop@1": -0.081,
        "neg2pos": 14,
        "pos2neg": 6,
        "count": 164
    }
}