{
    "mbpp_generate_javascript_robust_code_expression_exchange": {
        "origin_pass@1": 0.20430107526881722,
        "perturbated_pass@1": 0.16129032258064516,
        "pass-drop@1": 0.211,
        "neg2pos": 6,
        "pos2neg": 18,
        "count": 279
    }
}