{
    "mbpp_generate_cpp_robust_combined_perturbation": {
        "origin_pass@1": 0.6747967479674797,
        "perturbated_pass@1": 0.5467479674796748,
        "pass-drop@1": 0.19,
        "neg2pos": 9,
        "pos2neg": 72,
        "count": 492
    }
}