{
    "mbpp_generate_javascript_robust_code_style_instruct": {
        "origin_pass@1": 0.6064908722109533,
        "perturbated_pass@1": 0.6004056795131846,
        "pass-drop@1": 0.01,
        "neg2pos": 88,
        "pos2neg": 91,
        "count": 493
    }
}