{
    "humaneval_generate_java_robust_insert_instruct": {
        "origin_pass@1": 0.40853658536585363,
        "perturbated_pass@1": 0.34146341463414637,
        "pass-drop@1": 0.164,
        "neg2pos": 8,
        "pos2neg": 19,
        "count": 164
    }
}