{
    "mbpp_generate_cpp_robust_combined_perturbation": {
        "origin_pass@1": 0.5711382113821138,
        "perturbated_pass@1": 0.5711382113821138,
        "pass-drop@1": 0.0,
        "neg2pos": 50,
        "pos2neg": 50,
        "count": 492
    }
}