{
    "mbpp_generate_java_robust_code_stmt_exchange": {
        "origin_pass@1": 0.0797872340425532,
        "perturbated_pass@1": 0.11170212765957446,
        "pass-drop@1": -0.4,
        "neg2pos": 16,
        "pos2neg": 10,
        "count": 188
    }
}