{
    "mbpp_generate_cpp_robust_code_expression_exchange_instruct": {
        "origin_pass@1": 0.5765765765765766,
        "perturbated_pass@1": 0.5157657657657657,
        "pass-drop@1": 0.105,
        "neg2pos": 14,
        "pos2neg": 41,
        "count": 444
    }
}