{
    "humaneval_generate_cpp_robust_combined_perturbation": {
        "origin_pass@1": 0.6296296296296297,
        "perturbated_pass@1": 0.48148148148148145,
        "pass-drop@1": 0.235,
        "neg2pos": 4,
        "pos2neg": 28,
        "count": 162
    }
}