{
    "humaneval_generate_cpp_robust_rename": {
        "origin_pass@1": 0.6646341463414634,
        "perturbated_pass@1": 0.24390243902439024,
        "pass-drop@1": 0.633,
        "neg2pos": 0,
        "pos2neg": 69,
        "count": 164
    }
}