{
    "humaneval_generate_javascript_robust_combined_perturbation": {
        "origin_pass@1": 0.6518987341772152,
        "perturbated_pass@1": 0.4936708860759494,
        "pass-drop@1": 0.243,
        "neg2pos": 3,
        "pos2neg": 28,
        "count": 158
    }
}