{
    "humaneval_generate_python_robust_combined_perturbation": {
        "origin_pass@1": 0.7098765432098766,
        "perturbated_pass@1": 0.35185185185185186,
        "pass-drop@1": 0.504,
        "neg2pos": 5,
        "pos2neg": 63,
        "count": 162
    }
}