{
    "mbpp_generate_javascript_robust_combined_perturbation": {
        "origin_pass@1": 0.6352459016393442,
        "perturbated_pass@1": 0.48360655737704916,
        "pass-drop@1": 0.239,
        "neg2pos": 8,
        "pos2neg": 82,
        "count": 488
    }
}