{
    "humaneval_generate_java_robust_code_stmt_exchange": {
        "origin_pass@1": 0.8113207547169812,
        "perturbated_pass@1": 0.20754716981132076,
        "pass-drop@1": 0.744,
        "neg2pos": 1,
        "pos2neg": 33,
        "count": 53
    }
}