{
    "mbpp_generate_cpp_robust_code_stmt_exchange": {
        "origin_pass@1": 0.14705882352941177,
        "perturbated_pass@1": 0.11764705882352941,
        "pass-drop@1": 0.2,
        "neg2pos": 0,
        "pos2neg": 1,
        "count": 34
    }
}