{
    "humaneval_generate_cpp_robust_code_expression_exchange_instruct": {
        "origin_pass@1": 0.36585365853658536,
        "perturbated_pass@1": 0.3597560975609756,
        "pass-drop@1": 0.017,
        "neg2pos": 16,
        "pos2neg": 17,
        "count": 164
    }
}