{
    "humaneval_generate_java_robust_code_stmt_exchange": {
        "origin_pass@1": 0.9056603773584906,
        "perturbated_pass@1": 0.3018867924528302,
        "pass-drop@1": 0.667,
        "neg2pos": 0,
        "pos2neg": 32,
        "count": 53
    }
}