{
    "mbpp_generate_javascript_robust_code_stmt_exchange_instruct": {
        "origin_pass@1": 0.5224719101123596,
        "perturbated_pass@1": 0.42134831460674155,
        "pass-drop@1": 0.194,
        "neg2pos": 5,
        "pos2neg": 23,
        "count": 178
    }
}