{
    "mbpp_generate_java_robust_code_expression_exchange_instruct": {
        "origin_pass@1": 0.33093525179856115,
        "perturbated_pass@1": 0.2805755395683453,
        "pass-drop@1": 0.152,
        "neg2pos": 20,
        "pos2neg": 41,
        "count": 417
    }
}