{
    "humaneval_generate_python_robust_rename": {
        "origin_pass@1": 0.7682926829268293,
        "perturbated_pass@1": 0.24390243902439024,
        "pass-drop@1": 0.683,
        "neg2pos": 1,
        "pos2neg": 87,
        "count": 164
    }
}