{
    "mbpp_generate_javascript_robust_combined_perturbation": {
        "origin_pass@1": 0.4569672131147541,
        "perturbated_pass@1": 0.35450819672131145,
        "pass-drop@1": 0.224,
        "neg2pos": 29,
        "pos2neg": 79,
        "count": 488
    }
}