{
    "humaneval_generate_cpp_robust_code_stmt_exchange_instruct": {
        "origin_pass@1": 0.037037037037037035,
        "perturbated_pass@1": 0.1111111111111111,
        "pass-drop@1": -1.999,
        "neg2pos": 3,
        "pos2neg": 1,
        "count": 27
    }
}