{
    "humaneval_generate_javascript_robust_rename": {
        "origin_pass@1": 0.4573170731707317,
        "perturbated_pass@1": 0.45121951219512196,
        "pass-drop@1": 0.013,
        "neg2pos": 13,
        "pos2neg": 14,
        "count": 164
    }
}