{
    "humaneval_generate_java_robust_rename_instruct": {
        "origin_pass@1": 0.6341463414634146,
        "perturbated_pass@1": 0.524390243902439,
        "pass-drop@1": 0.173,
        "neg2pos": 9,
        "pos2neg": 27,
        "count": 164
    }
}