{
    "mbpp_generate_cpp_robust_combined_perturbation": {
        "origin_pass@1": 0.6666666666666666,
        "perturbated_pass@1": 0.5894308943089431,
        "pass-drop@1": 0.116,
        "neg2pos": 12,
        "pos2neg": 50,
        "count": 492
    }
}