{
    "mbpp_generate_cpp_robust_rename": {
        "origin_pass@1": 0.5671342685370742,
        "perturbated_pass@1": 0.5691382765531062,
        "pass-drop@1": -0.004,
        "neg2pos": 36,
        "pos2neg": 35,
        "count": 499
    }
}