{
    "mbpp_generate_java_robust_code_expression_exchange": {
        "origin_pass@1": 0.6882494004796164,
        "perturbated_pass@1": 0.45323741007194246,
        "pass-drop@1": 0.341,
        "neg2pos": 5,
        "pos2neg": 103,
        "count": 417
    }
}