{
    "mbpp_generate_cpp_robust_combined_perturbation": {
        "origin_pass@1": 0.5630081300813008,
        "perturbated_pass@1": 0.49390243902439024,
        "pass-drop@1": 0.123,
        "neg2pos": 14,
        "pos2neg": 48,
        "count": 492
    }
}