{
    "mbpp_generate_java_robust_code_stmt_exchange": {
        "origin_pass@1": 0.7180851063829787,
        "perturbated_pass@1": 0.30319148936170215,
        "pass-drop@1": 0.578,
        "neg2pos": 3,
        "pos2neg": 81,
        "count": 188
    }
}