{
    "humaneval_generate_python_robust_code_expression_exchange": {
        "origin_pass@1": 0.9134615384615384,
        "perturbated_pass@1": 0.5865384615384616,
        "pass-drop@1": 0.358,
        "neg2pos": 1,
        "pos2neg": 35,
        "count": 104
    }
}