{
    "humaneval_generate_java_robust_code_style_instruct": {
        "origin_pass@1": 0.31097560975609756,
        "perturbated_pass@1": 0.3231707317073171,
        "pass-drop@1": -0.039,
        "neg2pos": 14,
        "pos2neg": 12,
        "count": 164
    }
}