{
    "humaneval_generate_cpp_robust_code_style": {
        "origin_pass@1": 0.5060975609756098,
        "perturbated_pass@1": 0.49390243902439024,
        "pass-drop@1": 0.024,
        "neg2pos": 1,
        "pos2neg": 3,
        "count": 164
    }
}