{
    "humaneval_generate_java_robust_code_style_instruct": {
        "origin_pass@1": 0.725609756097561,
        "perturbated_pass@1": 0.7073170731707317,
        "pass-drop@1": 0.025,
        "neg2pos": 10,
        "pos2neg": 13,
        "count": 164
    }
}