{
    "humaneval_generate_javascript_robust_code_stmt_exchange": {
        "origin_pass@1": 0.3275862068965517,
        "perturbated_pass@1": 0.13793103448275862,
        "pass-drop@1": 0.579,
        "neg2pos": 1,
        "pos2neg": 12,
        "count": 58
    }
}