{
    "humaneval_generate_cpp_robust_code_style": {
        "origin_pass@1": 0.5426829268292683,
        "perturbated_pass@1": 0.5365853658536586,
        "pass-drop@1": 0.011,
        "neg2pos": 2,
        "pos2neg": 3,
        "count": 164
    }
}