{
    "mbpp_generate_java_robust_code_expression_exchange": {
        "origin_pass@1": 0.7218225419664268,
        "perturbated_pass@1": 0.4988009592326139,
        "pass-drop@1": 0.309,
        "neg2pos": 7,
        "pos2neg": 100,
        "count": 417
    }
}