{
    "humaneval_generate_python_robust_rename": {
        "origin_pass@1": 0.9207317073170732,
        "perturbated_pass@1": 0.3353658536585366,
        "pass-drop@1": 0.636,
        "neg2pos": 3,
        "pos2neg": 99,
        "count": 164
    }
}