{
    "humaneval_generate_cpp_robust_combined_perturbation": {
        "origin_pass@1": 0.5061728395061729,
        "perturbated_pass@1": 0.36419753086419754,
        "pass-drop@1": 0.28,
        "neg2pos": 3,
        "pos2neg": 26,
        "count": 162
    }
}