{
    "humaneval_generate_javascript_robust_code_style_instruct": {
        "origin_pass@1": 0.24390243902439024,
        "perturbated_pass@1": 0.21341463414634146,
        "pass-drop@1": 0.125,
        "neg2pos": 21,
        "pos2neg": 26,
        "count": 164
    }
}