{
    "humaneval_generate_javascript_robust_code_style": {
        "origin_pass@1": 0.036585365853658534,
        "perturbated_pass@1": 0.1402439024390244,
        "pass-drop@1": -2.833,
        "neg2pos": 17,
        "pos2neg": 0,
        "count": 164
    }
}