{
    "humaneval_generate_python_robust_code_style_instruct": {
        "origin_pass@1": 0.774390243902439,
        "perturbated_pass@1": 0.8170731707317073,
        "pass-drop@1": -0.055,
        "neg2pos": 13,
        "pos2neg": 6,
        "count": 164
    }
}