{
    "mbpp_generate_cpp_robust_code_expression_exchange": {
        "origin_pass@1": 0.44819819819819817,
        "perturbated_pass@1": 0.38963963963963966,
        "pass-drop@1": 0.131,
        "neg2pos": 11,
        "pos2neg": 37,
        "count": 444
    }
}