{
    "humaneval_generate_javascript_robust_code_style_instruct": {
        "origin_pass@1": 0.38414634146341464,
        "perturbated_pass@1": 0.42073170731707316,
        "pass-drop@1": -0.095,
        "neg2pos": 22,
        "pos2neg": 16,
        "count": 164
    }
}