{
    "humaneval_generate_python_robust_insert_instruct": {
        "origin_pass@1": 0.7378048780487805,
        "perturbated_pass@1": 0.7134146341463414,
        "pass-drop@1": 0.033,
        "neg2pos": 10,
        "pos2neg": 14,
        "count": 164
    }
}