{
    "humaneval_generate_cpp_robust_code_expression_exchange": {
        "origin_pass@1": 0.6829268292682927,
        "perturbated_pass@1": 0.6280487804878049,
        "pass-drop@1": 0.08,
        "neg2pos": 1,
        "pos2neg": 10,
        "count": 164
    }
}