{
    "humaneval_generate_javascript_robust_rename": {
        "origin_pass@1": 0.3902439024390244,
        "perturbated_pass@1": 0.3048780487804878,
        "pass-drop@1": 0.219,
        "neg2pos": 2,
        "pos2neg": 16,
        "count": 164
    }
}