{
    "humaneval_generate_java_robust_rename": {
        "origin_pass@1": 0.5548780487804879,
        "perturbated_pass@1": 0.5304878048780488,
        "pass-drop@1": 0.044,
        "neg2pos": 4,
        "pos2neg": 8,
        "count": 164
    }
}