{
    "humaneval_generate_cpp_robust_code_expression_exchange": {
        "origin_pass@1": 0.6341463414634146,
        "perturbated_pass@1": 0.5853658536585366,
        "pass-drop@1": 0.077,
        "neg2pos": 4,
        "pos2neg": 12,
        "count": 164
    }
}