{
    "mbpp_generate_cpp_robust_rename_instruct": {
        "origin_pass@1": 0.7755511022044088,
        "perturbated_pass@1": 0.7254509018036072,
        "pass-drop@1": 0.065,
        "neg2pos": 5,
        "pos2neg": 30,
        "count": 499
    }
}