{
    "humaneval_generate_java_robust_code_style": {
        "origin_pass@1": 0.8902439024390244,
        "perturbated_pass@1": 0.8963414634146342,
        "pass-drop@1": -0.007,
        "neg2pos": 1,
        "pos2neg": 0,
        "count": 164
    }
}