{
    "mbpp_generate_java_robust_combined_perturbation_instruct": {
        "origin_pass@1": 0.7154811715481172,
        "perturbated_pass@1": 0.48535564853556484,
        "pass-drop@1": 0.322,
        "neg2pos": 20,
        "pos2neg": 130,
        "count": 478
    }
}