{
    "humaneval_generate_javascript_robust_code_stmt_exchange": {
        "origin_pass@1": 0.5862068965517241,
        "perturbated_pass@1": 0.22413793103448276,
        "pass-drop@1": 0.618,
        "neg2pos": 0,
        "pos2neg": 21,
        "count": 58
    }
}