{
    "mbpp_generate_java_robust_combined_perturbation": {
        "origin_pass@1": 0.6813627254509018,
        "perturbated_pass@1": 0.40080160320641284,
        "pass-drop@1": 0.412,
        "neg2pos": 8,
        "pos2neg": 148,
        "count": 499
    }
}