{
    "humaneval_generate_cpp_robust_rename": {
        "origin_pass@1": 0.43902439024390244,
        "perturbated_pass@1": 0.15853658536585366,
        "pass-drop@1": 0.639,
        "neg2pos": 2,
        "pos2neg": 48,
        "count": 164
    }
}