{
    "humaneval_generate_cpp_robust_insert": {
        "origin_pass@1": 0.4878048780487805,
        "perturbated_pass@1": 0.3902439024390244,
        "pass-drop@1": 0.2,
        "neg2pos": 3,
        "pos2neg": 19,
        "count": 164
    }
}