{
    "humaneval_generate_javascript_robust_insert": {
        "origin_pass@1": 0.6585365853658537,
        "perturbated_pass@1": 0.4573170731707317,
        "pass-drop@1": 0.306,
        "neg2pos": 3,
        "pos2neg": 36,
        "count": 164
    }
}