{
    "humaneval_generate_cpp_robust_rename": {
        "origin_pass@1": 0.5914634146341463,
        "perturbated_pass@1": 0.22560975609756098,
        "pass-drop@1": 0.619,
        "neg2pos": 1,
        "pos2neg": 61,
        "count": 164
    }
}