{
    "humaneval_generate_javascript_robust_combined_perturbation": {
        "origin_pass@1": 0.6012658227848101,
        "perturbated_pass@1": 0.44936708860759494,
        "pass-drop@1": 0.253,
        "neg2pos": 10,
        "pos2neg": 34,
        "count": 158
    }
}