{
    "mbpp_generate_java_robust_code_stmt_exchange": {
        "origin_pass@1": 0.6329787234042553,
        "perturbated_pass@1": 0.20212765957446807,
        "pass-drop@1": 0.681,
        "neg2pos": 3,
        "pos2neg": 84,
        "count": 188
    }
}