{
    "mbpp_generate_cpp_robust_rename_instruct": {
        "origin_pass@1": 0.20040080160320642,
        "perturbated_pass@1": 0.1743486973947896,
        "pass-drop@1": 0.13,
        "neg2pos": 19,
        "pos2neg": 32,
        "count": 499
    }
}