{
    "mbpp_generate_python_robust_code_expression_exchange_instruct": {
        "origin_pass@1": 0.42660550458715596,
        "perturbated_pass@1": 0.06880733944954129,
        "pass-drop@1": 0.839,
        "neg2pos": 9,
        "pos2neg": 87,
        "count": 218
    }
}