{
    "mbpp_generate_cpp_robust_code_expression_exchange_instruct": {
        "origin_pass@1": 0.7720090293453724,
        "perturbated_pass@1": 0.6772009029345373,
        "pass-drop@1": 0.123,
        "neg2pos": 22,
        "pos2neg": 64,
        "count": 443
    }
}