{
    "mbpp_generate_cpp_robust_rename": {
        "origin_pass@1": 0.56312625250501,
        "perturbated_pass@1": 0.5290581162324649,
        "pass-drop@1": 0.06,
        "neg2pos": 13,
        "pos2neg": 30,
        "count": 499
    }
}