{
    "mbpp_generate_java_robust_code_stmt_exchange": {
        "origin_pass@1": 0.6542553191489362,
        "perturbated_pass@1": 0.31382978723404253,
        "pass-drop@1": 0.52,
        "neg2pos": 0,
        "pos2neg": 64,
        "count": 188
    }
}