{
    "mbpp_generate_java_robust_combined_perturbation": {
        "origin_pass@1": 0.7114228456913828,
        "perturbated_pass@1": 0.43286573146292584,
        "pass-drop@1": 0.392,
        "neg2pos": 7,
        "pos2neg": 146,
        "count": 499
    }
}