{
    "humaneval_generate_cpp_robust_code_style_instruct": {
        "origin_pass@1": 0.4024390243902439,
        "perturbated_pass@1": 0.3231707317073171,
        "pass-drop@1": 0.197,
        "neg2pos": 20,
        "pos2neg": 33,
        "count": 164
    }
}