{
    "humaneval_generate_java_robust_combined_perturbation_instruct": {
        "origin_pass@1": 0.4723926380368098,
        "perturbated_pass@1": 0.3312883435582822,
        "pass-drop@1": 0.299,
        "neg2pos": 16,
        "pos2neg": 39,
        "count": 163
    }
}