{
    "mbpp_generate_cpp_robust_code_stmt_exchange": {
        "origin_pass@1": 0.4117647058823529,
        "perturbated_pass@1": 0.4411764705882353,
        "pass-drop@1": -0.071,
        "neg2pos": 3,
        "pos2neg": 2,
        "count": 34
    }
}