{
    "humaneval_generate_cpp_robust_code_style_instruct": {
        "origin_pass@1": 0.3048780487804878,
        "perturbated_pass@1": 0.3170731707317073,
        "pass-drop@1": -0.04,
        "neg2pos": 23,
        "pos2neg": 21,
        "count": 164
    }
}