{
    "humaneval_generate_java_robust_code_style": {
        "origin_pass@1": 0.4451219512195122,
        "perturbated_pass@1": 0.4024390243902439,
        "pass-drop@1": 0.096,
        "neg2pos": 2,
        "pos2neg": 9,
        "count": 164
    }
}