{
    "humaneval_generate_python_robust_code_style": {
        "origin_pass@1": 0.9207317073170732,
        "perturbated_pass@1": 0.9024390243902439,
        "pass-drop@1": 0.02,
        "neg2pos": 0,
        "pos2neg": 3,
        "count": 164
    }
}