{
    "humaneval_generate_javascript_robust_code_expression_exchange": {
        "origin_pass@1": 0.5954198473282443,
        "perturbated_pass@1": 0.48854961832061067,
        "pass-drop@1": 0.179,
        "neg2pos": 3,
        "pos2neg": 17,
        "count": 131
    }
}