{
    "humaneval_generate_java_robust_code_stmt_exchange": {
        "origin_pass@1": 0.7735849056603774,
        "perturbated_pass@1": 0.1320754716981132,
        "pass-drop@1": 0.829,
        "neg2pos": 0,
        "pos2neg": 34,
        "count": 53
    }
}