{
    "humaneval_generate_java_robust_insert": {
        "origin_pass@1": 0.4451219512195122,
        "perturbated_pass@1": 0.35365853658536583,
        "pass-drop@1": 0.205,
        "neg2pos": 4,
        "pos2neg": 19,
        "count": 164
    }
}