{
    "mbpp_generate_cpp_robust_rename_instruct": {
        "origin_pass@1": 0.7555110220440882,
        "perturbated_pass@1": 0.7274549098196392,
        "pass-drop@1": 0.037,
        "neg2pos": 5,
        "pos2neg": 19,
        "count": 499
    }
}