{
    "humaneval_generate_python_robust_code_style": {
        "origin_pass@1": 0.7926829268292683,
        "perturbated_pass@1": 0.7987804878048781,
        "pass-drop@1": -0.008,
        "neg2pos": 3,
        "pos2neg": 2,
        "count": 164
    }
}