{
    "humaneval_generate_python_robust_code_expression_exchange": {
        "origin_pass@1": 0.7884615384615384,
        "perturbated_pass@1": 0.4423076923076923,
        "pass-drop@1": 0.439,
        "neg2pos": 1,
        "pos2neg": 37,
        "count": 104
    }
}