{
    "humaneval_generate_javascript_robust_insert": {
        "origin_pass@1": 0.5060975609756098,
        "perturbated_pass@1": 0.35365853658536583,
        "pass-drop@1": 0.301,
        "neg2pos": 0,
        "pos2neg": 25,
        "count": 164
    }
}