{
    "mbpp_generate_javascript_robust_combined_perturbation_instruct": {
        "origin_pass@1": 0.4376470588235294,
        "perturbated_pass@1": 0.36470588235294116,
        "pass-drop@1": 0.167,
        "neg2pos": 24,
        "pos2neg": 55,
        "count": 425
    }
}