{
    "mbpp_generate_python_robust_combined_perturbation_instruct": {
        "origin_pass@1": 0.4105263157894737,
        "perturbated_pass@1": 0.3473684210526316,
        "pass-drop@1": 0.154,
        "neg2pos": 36,
        "pos2neg": 66,
        "count": 475
    }
}