{
    "mbpp_generate_javascript_robust_code_style_instruct": {
        "origin_pass@1": 0.6166328600405679,
        "perturbated_pass@1": 0.6085192697768763,
        "pass-drop@1": 0.013,
        "neg2pos": 87,
        "pos2neg": 91,
        "count": 493
    }
}