{
    "humaneval_generate_javascript_robust_insert_instruct": {
        "origin_pass@1": 0.7012195121951219,
        "perturbated_pass@1": 0.6524390243902439,
        "pass-drop@1": 0.07,
        "neg2pos": 3,
        "pos2neg": 11,
        "count": 164
    }
}