{
    "humaneval_generate_java_robust_rename_instruct": {
        "origin_pass@1": 0.40853658536585363,
        "perturbated_pass@1": 0.3597560975609756,
        "pass-drop@1": 0.119,
        "neg2pos": 10,
        "pos2neg": 18,
        "count": 164
    }
}