{
    "humaneval_generate_java_robust_rename": {
        "origin_pass@1": 0.7865853658536586,
        "perturbated_pass@1": 0.7682926829268293,
        "pass-drop@1": 0.023,
        "neg2pos": 3,
        "pos2neg": 6,
        "count": 164
    }
}