{
    "humaneval_generate_javascript_robust_code_style": {
        "origin_pass@1": 0.7621951219512195,
        "perturbated_pass@1": 0.7804878048780488,
        "pass-drop@1": -0.024,
        "neg2pos": 3,
        "pos2neg": 0,
        "count": 164
    }
}