{
    "humaneval_generate_cpp_robust_combined_perturbation": {
        "origin_pass@1": 0.7530864197530864,
        "perturbated_pass@1": 0.5740740740740741,
        "pass-drop@1": 0.238,
        "neg2pos": 5,
        "pos2neg": 34,
        "count": 162
    }
}