{
    "humaneval_generate_java_robust_code_expression_exchange": {
        "origin_pass@1": 0.4397163120567376,
        "perturbated_pass@1": 0.3546099290780142,
        "pass-drop@1": 0.194,
        "neg2pos": 3,
        "pos2neg": 15,
        "count": 141
    }
}