{
    "humaneval_generate_cpp_robust_insert": {
        "origin_pass@1": 0.5914634146341463,
        "perturbated_pass@1": 0.4634146341463415,
        "pass-drop@1": 0.216,
        "neg2pos": 1,
        "pos2neg": 22,
        "count": 164
    }
}