{
    "mbpp_generate_cpp_robust_code_expression_exchange_3sorted_prompt": {
        "origin_pass@1": 0.5405405405405406,
        "perturbated_pass@1": 0.44594594594594594,
        "pass-drop@1": 0.175,
        "neg2pos": 5,
        "pos2neg": 47,
        "count": 444
    }
}