{
    "humaneval_generate_cpp_robust_combined_perturbation": {
        "origin_pass@1": 0.6481481481481481,
        "perturbated_pass@1": 0.4506172839506173,
        "pass-drop@1": 0.305,
        "neg2pos": 2,
        "pos2neg": 34,
        "count": 162
    }
}