{
    "humaneval_generate_javascript_robust_code_expression_exchange": {
        "origin_pass@1": 0.42748091603053434,
        "perturbated_pass@1": 0.4122137404580153,
        "pass-drop@1": 0.036,
        "neg2pos": 8,
        "pos2neg": 10,
        "count": 131
    }
}