{
    "humaneval_generate_cpp_robust_code_style": {
        "origin_pass@1": 0.31097560975609756,
        "perturbated_pass@1": 0.32926829268292684,
        "pass-drop@1": -0.059,
        "neg2pos": 4,
        "pos2neg": 1,
        "count": 164
    }
}