{
    "humaneval_generate_javascript_robust_insert_instruct": {
        "origin_pass@1": 0.5060975609756098,
        "perturbated_pass@1": 0.4817073170731707,
        "pass-drop@1": 0.048,
        "neg2pos": 9,
        "pos2neg": 13,
        "count": 164
    }
}