{
    "humaneval_generate_java_robust_insert": {
        "origin_pass@1": 0.5670731707317073,
        "perturbated_pass@1": 0.5121951219512195,
        "pass-drop@1": 0.097,
        "neg2pos": 1,
        "pos2neg": 10,
        "count": 164
    }
}