{
    "humaneval_generate_javascript_robust_code_style": {
        "origin_pass@1": 0.4024390243902439,
        "perturbated_pass@1": 0.45121951219512196,
        "pass-drop@1": -0.121,
        "neg2pos": 14,
        "pos2neg": 6,
        "count": 164
    }
}