{
    "humaneval_generate_python_robust_combined_perturbation": {
        "origin_pass@1": 0.41358024691358025,
        "perturbated_pass@1": 0.2037037037037037,
        "pass-drop@1": 0.507,
        "neg2pos": 3,
        "pos2neg": 37,
        "count": 162
    }
}