{
    "mbpp_generate_cpp_robust_code_stmt_exchange_instruct": {
        "origin_pass@1": 0.20588235294117646,
        "perturbated_pass@1": 0.20588235294117646,
        "pass-drop@1": 0.0,
        "neg2pos": 3,
        "pos2neg": 3,
        "count": 34
    }
}