{
    "humaneval_generate_cpp_robust_rename_instruct": {
        "origin_pass@1": 0.4024390243902439,
        "perturbated_pass@1": 0.1951219512195122,
        "pass-drop@1": 0.515,
        "neg2pos": 12,
        "pos2neg": 46,
        "count": 164
    }
}