{
    "humaneval_generate_cpp_robust_code_style_instruct": {
        "origin_pass@1": 0.3902439024390244,
        "perturbated_pass@1": 0.3902439024390244,
        "pass-drop@1": 0.0,
        "neg2pos": 7,
        "pos2neg": 7,
        "count": 164
    }
}