{
    "humaneval_generate_java_robust_rename_instruct": {
        "origin_pass@1": 0.725609756097561,
        "perturbated_pass@1": 0.5975609756097561,
        "pass-drop@1": 0.176,
        "neg2pos": 7,
        "pos2neg": 28,
        "count": 164
    }
}