{
    "humaneval_generate_javascript_robust_code_style_instruct": {
        "origin_pass@1": 0.5060975609756098,
        "perturbated_pass@1": 0.49390243902439024,
        "pass-drop@1": 0.024,
        "neg2pos": 8,
        "pos2neg": 10,
        "count": 164
    }
}