{
    "mbpp_generate_cpp_robust_rename": {
        "origin_pass@1": 0.4589178356713427,
        "perturbated_pass@1": 0.41282565130260523,
        "pass-drop@1": 0.1,
        "neg2pos": 23,
        "pos2neg": 46,
        "count": 499
    }
}