{
    "mbpp_generate_cpp_robust_rename": {
        "origin_pass@1": 0.5450901803607214,
        "perturbated_pass@1": 0.501002004008016,
        "pass-drop@1": 0.081,
        "neg2pos": 13,
        "pos2neg": 35,
        "count": 499
    }
}