{
    "mbpp_generate_cpp_robust_rename": {
        "origin_pass@1": 0.685370741482966,
        "perturbated_pass@1": 0.6452905811623246,
        "pass-drop@1": 0.058,
        "neg2pos": 9,
        "pos2neg": 29,
        "count": 499
    }
}