{
    "humaneval_generate_python_robust_combined_perturbation": {
        "origin_pass@1": 0.5802469135802469,
        "perturbated_pass@1": 0.30864197530864196,
        "pass-drop@1": 0.468,
        "neg2pos": 3,
        "pos2neg": 47,
        "count": 162
    }
}