{
    "humaneval_generate_python_robust_rename": {
        "origin_pass@1": 0.4146341463414634,
        "perturbated_pass@1": 0.10975609756097561,
        "pass-drop@1": 0.735,
        "neg2pos": 1,
        "pos2neg": 51,
        "count": 164
    }
}