{
    "mbpp_generate_javascript_robust_code_style_instruct": {
        "origin_pass@1": 0.2413793103448276,
        "perturbated_pass@1": 0.2697768762677485,
        "pass-drop@1": -0.118,
        "neg2pos": 76,
        "pos2neg": 62,
        "count": 493
    }
}