{
    "humaneval_generate_java_robust_insert": {
        "origin_pass@1": 0.7865853658536586,
        "perturbated_pass@1": 0.6951219512195121,
        "pass-drop@1": 0.116,
        "neg2pos": 3,
        "pos2neg": 18,
        "count": 164
    }
}