{
    "humaneval_generate_python_robust_code_style_instruct": {
        "origin_pass@1": 0.7378048780487805,
        "perturbated_pass@1": 0.7317073170731707,
        "pass-drop@1": 0.008,
        "neg2pos": 12,
        "pos2neg": 13,
        "count": 164
    }
}