{
    "humaneval_generate_cpp_robust_code_style": {
        "origin_pass@1": 0.43902439024390244,
        "perturbated_pass@1": 0.42073170731707316,
        "pass-drop@1": 0.042,
        "neg2pos": 0,
        "pos2neg": 3,
        "count": 164
    }
}