{
    "humaneval_generate_cpp_robust_code_style": {
        "origin_pass@1": 0.34146341463414637,
        "perturbated_pass@1": 0.34146341463414637,
        "pass-drop@1": 0.0,
        "neg2pos": 1,
        "pos2neg": 1,
        "count": 164
    }
}