{
    "humaneval_generate_cpp_robust_code_style_instruct": {
        "origin_pass@1": 0.25609756097560976,
        "perturbated_pass@1": 0.2682926829268293,
        "pass-drop@1": -0.048,
        "neg2pos": 12,
        "pos2neg": 10,
        "count": 164
    }
}