{
    "humaneval_generate_python_robust_code_style_instruct": {
        "origin_pass@1": 0.8963414634146342,
        "perturbated_pass@1": 0.9329268292682927,
        "pass-drop@1": -0.041,
        "neg2pos": 6,
        "pos2neg": 0,
        "count": 164
    }
}