{
    "humaneval_generate_cpp_robust_code_expression_exchange": {
        "origin_pass@1": 0.6646341463414634,
        "perturbated_pass@1": 0.6158536585365854,
        "pass-drop@1": 0.073,
        "neg2pos": 4,
        "pos2neg": 12,
        "count": 164
    }
}