{
    "mbpp_generate_java_robust_code_expression_exchange": {
        "origin_pass@1": 0.7386091127098321,
        "perturbated_pass@1": 0.47002398081534774,
        "pass-drop@1": 0.364,
        "neg2pos": 2,
        "pos2neg": 114,
        "count": 417
    }
}