{
    "humaneval_generate_java_robust_code_expression_exchange": {
        "origin_pass@1": 0.5602836879432624,
        "perturbated_pass@1": 0.4397163120567376,
        "pass-drop@1": 0.215,
        "neg2pos": 2,
        "pos2neg": 19,
        "count": 141
    }
}