{
    "humaneval_generate_java_robust_rename_instruct": {
        "origin_pass@1": 0.4695121951219512,
        "perturbated_pass@1": 0.2865853658536585,
        "pass-drop@1": 0.39,
        "neg2pos": 12,
        "pos2neg": 42,
        "count": 164
    }
}