{
    "mbpp_generate_cpp_robust_rename": {
        "origin_pass@1": 0.6793587174348698,
        "perturbated_pass@1": 0.6492985971943888,
        "pass-drop@1": 0.044,
        "neg2pos": 11,
        "pos2neg": 26,
        "count": 499
    }
}