{
    "humaneval_generate_javascript_robust_rename": {
        "origin_pass@1": 0.4024390243902439,
        "perturbated_pass@1": 0.3170731707317073,
        "pass-drop@1": 0.212,
        "neg2pos": 5,
        "pos2neg": 19,
        "count": 164
    }
}