{
    "mbpp_generate_cpp_robust_code_expression_exchange": {
        "origin_pass@1": 0.6058558558558559,
        "perturbated_pass@1": 0.5202702702702703,
        "pass-drop@1": 0.141,
        "neg2pos": 9,
        "pos2neg": 47,
        "count": 444
    }
}