{
    "humaneval_generate_python_robust_rename_instruct": {
        "origin_pass@1": 0.7439024390243902,
        "perturbated_pass@1": 0.24390243902439024,
        "pass-drop@1": 0.672,
        "neg2pos": 4,
        "pos2neg": 86,
        "count": 164
    }
}