{
    "humaneval_generate_javascript_robust_insert": {
        "origin_pass@1": 0.6036585365853658,
        "perturbated_pass@1": 0.39634146341463417,
        "pass-drop@1": 0.343,
        "neg2pos": 3,
        "pos2neg": 37,
        "count": 164
    }
}