{
    "humaneval_generate_java_robust_code_style_instruct": {
        "origin_pass@1": 0.40853658536585363,
        "perturbated_pass@1": 0.4146341463414634,
        "pass-drop@1": -0.015,
        "neg2pos": 10,
        "pos2neg": 9,
        "count": 164
    }
}