{
    "humaneval_generate_javascript_robust_code_stmt_exchange": {
        "origin_pass@1": 0.46551724137931033,
        "perturbated_pass@1": 0.2413793103448276,
        "pass-drop@1": 0.481,
        "neg2pos": 2,
        "pos2neg": 15,
        "count": 58
    }
}