{
    "humaneval_generate_java_robust_code_stmt_exchange": {
        "origin_pass@1": 0.6792452830188679,
        "perturbated_pass@1": 0.22641509433962265,
        "pass-drop@1": 0.667,
        "neg2pos": 0,
        "pos2neg": 24,
        "count": 53
    }
}