{
    "humaneval_generate_cpp_robust_insert_instruct": {
        "origin_pass@1": 0.2682926829268293,
        "perturbated_pass@1": 0.3231707317073171,
        "pass-drop@1": -0.205,
        "neg2pos": 36,
        "pos2neg": 27,
        "count": 164
    }
}