{
    "humaneval_generate_java_robust_code_expression_exchange": {
        "origin_pass@1": 0.574468085106383,
        "perturbated_pass@1": 0.4397163120567376,
        "pass-drop@1": 0.235,
        "neg2pos": 2,
        "pos2neg": 21,
        "count": 141
    }
}