{
    "mbpp_generate_cpp_robust_code_expression_exchange_instruct": {
        "origin_pass@1": 0.1873589164785553,
        "perturbated_pass@1": 0.16252821670428894,
        "pass-drop@1": 0.133,
        "neg2pos": 16,
        "pos2neg": 27,
        "count": 443
    }
}