{
    "humaneval_generate_javascript_robust_code_stmt_exchange": {
        "origin_pass@1": 0.7241379310344828,
        "perturbated_pass@1": 0.3103448275862069,
        "pass-drop@1": 0.571,
        "neg2pos": 0,
        "pos2neg": 24,
        "count": 58
    }
}