{
    "humaneval_generate_javascript_robust_code_style": {
        "origin_pass@1": 0.3902439024390244,
        "perturbated_pass@1": 0.3780487804878049,
        "pass-drop@1": 0.031,
        "neg2pos": 1,
        "pos2neg": 3,
        "count": 164
    }
}