{
    "humaneval_generate_java_robust_code_style_instruct": {
        "origin_pass@1": 0.6341463414634146,
        "perturbated_pass@1": 0.6219512195121951,
        "pass-drop@1": 0.019,
        "neg2pos": 13,
        "pos2neg": 15,
        "count": 164
    }
}