{
    "humaneval_generate_cpp_robust_insert_instruct": {
        "origin_pass@1": 0.3902439024390244,
        "perturbated_pass@1": 0.40853658536585363,
        "pass-drop@1": -0.047,
        "neg2pos": 13,
        "pos2neg": 10,
        "count": 164
    }
}