{
    "humaneval_generate_python_robust_insert_instruct": {
        "origin_pass@1": 0.7926829268292683,
        "perturbated_pass@1": 0.7621951219512195,
        "pass-drop@1": 0.038,
        "neg2pos": 10,
        "pos2neg": 15,
        "count": 164
    }
}