{
    "humaneval_generate_cpp_robust_rename": {
        "origin_pass@1": 0.6341463414634146,
        "perturbated_pass@1": 0.21951219512195122,
        "pass-drop@1": 0.654,
        "neg2pos": 0,
        "pos2neg": 68,
        "count": 164
    }
}