{
    "mbpp_generate_cpp_robust_code_expression_exchange_5random_prompt": {
        "origin_pass@1": 0.4954954954954955,
        "perturbated_pass@1": 0.4391891891891892,
        "pass-drop@1": 0.114,
        "neg2pos": 22,
        "pos2neg": 47,
        "count": 444
    }
}