{
    "mbpp_generate_java_robust_combined_perturbation_instruct": {
        "origin_pass@1": 0.5251046025104602,
        "perturbated_pass@1": 0.25523012552301255,
        "pass-drop@1": 0.514,
        "neg2pos": 8,
        "pos2neg": 137,
        "count": 478
    }
}