{
    "mbpp_generate_javascript_robust_code_expression_exchange": {
        "origin_pass@1": 0.36200716845878134,
        "perturbated_pass@1": 0.3548387096774194,
        "pass-drop@1": 0.02,
        "neg2pos": 8,
        "pos2neg": 10,
        "count": 279
    }
}