{
    "mbpp_generate_java_robust_code_expression_exchange_instruct": {
        "origin_pass@1": 0.539568345323741,
        "perturbated_pass@1": 0.37410071942446044,
        "pass-drop@1": 0.307,
        "neg2pos": 14,
        "pos2neg": 83,
        "count": 417
    }
}