{
    "humaneval_generate_javascript_robust_code_style": {
        "origin_pass@1": 0.7195121951219512,
        "perturbated_pass@1": 0.7134146341463414,
        "pass-drop@1": 0.008,
        "neg2pos": 1,
        "pos2neg": 2,
        "count": 164
    }
}