{
    "humaneval_generate_cpp_robust_code_style": {
        "origin_pass@1": 0.6341463414634146,
        "perturbated_pass@1": 0.6524390243902439,
        "pass-drop@1": -0.029,
        "neg2pos": 3,
        "pos2neg": 0,
        "count": 164
    }
}