{
    "humaneval_generate_cpp_robust_code_stmt_exchange": {
        "origin_pass@1": 0.4444444444444444,
        "perturbated_pass@1": 0.4074074074074074,
        "pass-drop@1": 0.083,
        "neg2pos": 1,
        "pos2neg": 2,
        "count": 27
    }
}