{
    "mbpp_generate_javascript_robust_code_style_instruct": {
        "origin_pass@1": 0.7099391480730223,
        "perturbated_pass@1": 0.6977687626774848,
        "pass-drop@1": 0.017,
        "neg2pos": 75,
        "pos2neg": 81,
        "count": 493
    }
}