{
    "humaneval_generate_javascript_robust_code_stmt_exchange": {
        "origin_pass@1": 0.5344827586206896,
        "perturbated_pass@1": 0.1724137931034483,
        "pass-drop@1": 0.677,
        "neg2pos": 1,
        "pos2neg": 22,
        "count": 58
    }
}