{
    "humaneval_generate_java_robust_code_expression_exchange": {
        "origin_pass@1": 0.6737588652482269,
        "perturbated_pass@1": 0.5602836879432624,
        "pass-drop@1": 0.168,
        "neg2pos": 4,
        "pos2neg": 20,
        "count": 141
    }
}