{
    "humaneval_generate_java_robust_combined_perturbation_instruct": {
        "origin_pass@1": 0.4110429447852761,
        "perturbated_pass@1": 0.44171779141104295,
        "pass-drop@1": -0.075,
        "neg2pos": 30,
        "pos2neg": 25,
        "count": 163
    }
}