{
    "humaneval_generate_java_robust_rename_instruct": {
        "origin_pass@1": 0.5365853658536586,
        "perturbated_pass@1": 0.5426829268292683,
        "pass-drop@1": -0.011,
        "neg2pos": 14,
        "pos2neg": 13,
        "count": 164
    }
}