{
    "humaneval_generate_java_robust_code_style": {
        "origin_pass@1": 0.5548780487804879,
        "perturbated_pass@1": 0.5548780487804879,
        "pass-drop@1": 0.0,
        "neg2pos": 1,
        "pos2neg": 1,
        "count": 164
    }
}