{
    "mbpp_generate_javascript_robust_combined_perturbation": {
        "origin_pass@1": 0.5409836065573771,
        "perturbated_pass@1": 0.39139344262295084,
        "pass-drop@1": 0.277,
        "neg2pos": 22,
        "pos2neg": 95,
        "count": 488
    }
}