{
    "mbpp_generate_javascript_robust_code_style_instruct": {
        "origin_pass@1": 0.6004056795131846,
        "perturbated_pass@1": 0.5882352941176471,
        "pass-drop@1": 0.02,
        "neg2pos": 4,
        "pos2neg": 10,
        "count": 493
    }
}