{
    "humaneval_generate_javascript_robust_combined_perturbation": {
        "origin_pass@1": 0.46835443037974683,
        "perturbated_pass@1": 0.4177215189873418,
        "pass-drop@1": 0.108,
        "neg2pos": 12,
        "pos2neg": 20,
        "count": 158
    }
}