{
    "humaneval_generate_python_robust_code_style": {
        "origin_pass@1": 0.8170731707317073,
        "perturbated_pass@1": 0.8048780487804879,
        "pass-drop@1": 0.015,
        "neg2pos": 1,
        "pos2neg": 3,
        "count": 164
    }
}