{
    "mbpp_generate_cpp_robust_combined_perturbation": {
        "origin_pass@1": 0.6869918699186992,
        "perturbated_pass@1": 0.573170731707317,
        "pass-drop@1": 0.166,
        "neg2pos": 10,
        "pos2neg": 66,
        "count": 492
    }
}