{
  "humaneval": {
    "pass@1": 0.5548780487804879,
    "pass_rate@1": 0.7061145578676067
  }
}