{
    "mbpp_generate_cpp_robust_code_stmt_exchange": {
        "origin_pass@1": 0.5294117647058824,
        "perturbated_pass@1": 0.5882352941176471,
        "pass-drop@1": -0.111,
        "neg2pos": 2,
        "pos2neg": 0,
        "count": 34
    }
}