{
    "mbpp_generate_java_robust_combined_perturbation": {
        "origin_pass@1": 0.07414829659318638,
        "perturbated_pass@1": 0.22845691382765532,
        "pass-drop@1": -2.081,
        "neg2pos": 96,
        "pos2neg": 19,
        "count": 499
    }
}