{
    "humaneval_generate_javascript_robust_rename_instruct": {
        "origin_pass@1": 0.7804878048780488,
        "perturbated_pass@1": 0.7378048780487805,
        "pass-drop@1": 0.055,
        "neg2pos": 3,
        "pos2neg": 10,
        "count": 164
    }
}