{
    "humaneval_generate_java_robust_insert_instruct": {
        "origin_pass@1": 0.725609756097561,
        "perturbated_pass@1": 0.6646341463414634,
        "pass-drop@1": 0.084,
        "neg2pos": 8,
        "pos2neg": 18,
        "count": 164
    }
}