{
    "mbpp_generate_cpp_robust_code_expression_exchange": {
        "origin_pass@1": 0.536036036036036,
        "perturbated_pass@1": 0.44819819819819817,
        "pass-drop@1": 0.164,
        "neg2pos": 5,
        "pos2neg": 44,
        "count": 444
    }
}