{
    "mbpp_generate_javascript_robust_code_expression_exchange": {
        "origin_pass@1": 0.5268817204301075,
        "perturbated_pass@1": 0.4838709677419355,
        "pass-drop@1": 0.082,
        "neg2pos": 5,
        "pos2neg": 17,
        "count": 279
    }
}