{
    "mbpp_generate_cpp_robust_rename_instruct": {
        "origin_pass@1": 0.5551102204408818,
        "perturbated_pass@1": 0.5090180360721442,
        "pass-drop@1": 0.083,
        "neg2pos": 8,
        "pos2neg": 31,
        "count": 499
    }
}