{
    "humaneval_generate_cpp_robust_code_style": {
        "origin_pass@1": 0.6829268292682927,
        "perturbated_pass@1": 0.6951219512195121,
        "pass-drop@1": -0.018,
        "neg2pos": 3,
        "pos2neg": 1,
        "count": 164
    }
}