{
    "mbpp_generate_cpp_robust_rename_instruct_3sorted_prompt": {
        "origin_pass@1": 0.781563126252505,
        "perturbated_pass@1": 0.7535070140280561,
        "pass-drop@1": 0.036,
        "neg2pos": 5,
        "pos2neg": 19,
        "count": 499
    }
}