{
    "humaneval_generate_javascript_robust_rename": {
        "origin_pass@1": 0.6036585365853658,
        "perturbated_pass@1": 0.5426829268292683,
        "pass-drop@1": 0.101,
        "neg2pos": 3,
        "pos2neg": 13,
        "count": 164
    }
}