{
    "humaneval_generate_java_robust_combined_perturbation_instruct": {
        "origin_pass@1": 0.7607361963190185,
        "perturbated_pass@1": 0.5521472392638037,
        "pass-drop@1": 0.274,
        "neg2pos": 11,
        "pos2neg": 45,
        "count": 163
    }
}