{
    "humaneval_generate_java_robust_insert": {
        "origin_pass@1": 0.2926829268292683,
        "perturbated_pass@1": 0.2804878048780488,
        "pass-drop@1": 0.042,
        "neg2pos": 13,
        "pos2neg": 15,
        "count": 164
    }
}