{
    "mbpp_generate_javascript_robust_code_expression_exchange": {
        "origin_pass@1": 0.5089605734767025,
        "perturbated_pass@1": 0.44086021505376344,
        "pass-drop@1": 0.134,
        "neg2pos": 5,
        "pos2neg": 24,
        "count": 279
    }
}