{
    "mbpp_generate_java_robust_code_expression_exchange": {
        "origin_pass@1": 0.5851318944844125,
        "perturbated_pass@1": 0.3669064748201439,
        "pass-drop@1": 0.373,
        "neg2pos": 3,
        "pos2neg": 94,
        "count": 417
    }
}