{
    "humaneval_generate_cpp_robust_code_expression_exchange": {
        "origin_pass@1": 0.524390243902439,
        "perturbated_pass@1": 0.4634146341463415,
        "pass-drop@1": 0.116,
        "neg2pos": 0,
        "pos2neg": 10,
        "count": 164
    }
}