{
    "humaneval_generate_cpp_robust_rename": {
        "origin_pass@1": 0.5426829268292683,
        "perturbated_pass@1": 0.21951219512195122,
        "pass-drop@1": 0.595,
        "neg2pos": 2,
        "pos2neg": 55,
        "count": 164
    }
}