{
    "humaneval_generate_python_robust_insert": {
        "origin_pass@1": 0.5853658536585366,
        "perturbated_pass@1": 0.4634146341463415,
        "pass-drop@1": 0.208,
        "neg2pos": 2,
        "pos2neg": 22,
        "count": 164
    }
}