{
    "mbpp_generate_cpp_robust_code_stmt_exchange": {
        "origin_pass@1": 0.23529411764705882,
        "perturbated_pass@1": 0.2647058823529412,
        "pass-drop@1": -0.125,
        "neg2pos": 2,
        "pos2neg": 1,
        "count": 34
    }
}