{
    "humaneval_generate_java_robust_insert_instruct": {
        "origin_pass@1": 0.8597560975609756,
        "perturbated_pass@1": 0.823170731707317,
        "pass-drop@1": 0.043,
        "neg2pos": 4,
        "pos2neg": 10,
        "count": 164
    }
}