{
    "humaneval_generate_java_robust_code_style": {
        "origin_pass@1": 0.5670731707317073,
        "perturbated_pass@1": 0.5609756097560976,
        "pass-drop@1": 0.011,
        "neg2pos": 0,
        "pos2neg": 1,
        "count": 164
    }
}