{
    "humaneval_generate_python_robust_rename_instruct": {
        "origin_pass@1": 0.3780487804878049,
        "perturbated_pass@1": 0.1402439024390244,
        "pass-drop@1": 0.629,
        "neg2pos": 10,
        "pos2neg": 49,
        "count": 164
    }
}