{
    "humaneval_generate_python_robust_combined_perturbation": {
        "origin_pass@1": 0.7901234567901234,
        "perturbated_pass@1": 0.41975308641975306,
        "pass-drop@1": 0.469,
        "neg2pos": 1,
        "pos2neg": 61,
        "count": 162
    }
}