{
    "mbpp_generate_javascript_robust_code_stmt_exchange_instruct": {
        "origin_pass@1": 0.5168539325842697,
        "perturbated_pass@1": 0.37640449438202245,
        "pass-drop@1": 0.272,
        "neg2pos": 3,
        "pos2neg": 28,
        "count": 178
    }
}