{
    "mbpp_generate_cpp_robust_rename_instruct": {
        "origin_pass@1": 0.3026052104208417,
        "perturbated_pass@1": 0.2545090180360721,
        "pass-drop@1": 0.159,
        "neg2pos": 23,
        "pos2neg": 47,
        "count": 499
    }
}