{
    "mbpp_generate_java_robust_code_expression_exchange": {
        "origin_pass@1": 0.7314148681055156,
        "perturbated_pass@1": 0.49160671462829736,
        "pass-drop@1": 0.328,
        "neg2pos": 3,
        "pos2neg": 103,
        "count": 417
    }
}