{
    "mbpp_generate_cpp_robust_combined_perturbation_instruct": {
        "origin_pass@1": 0.5278969957081545,
        "perturbated_pass@1": 0.44849785407725323,
        "pass-drop@1": 0.15,
        "neg2pos": 26,
        "pos2neg": 63,
        "count": 466
    }
}