{
    "humaneval_generate_javascript_robust_combined_perturbation": {
        "origin_pass@1": 0.5949367088607594,
        "perturbated_pass@1": 0.45569620253164556,
        "pass-drop@1": 0.234,
        "neg2pos": 3,
        "pos2neg": 25,
        "count": 158
    }
}