{
    "humaneval_generate_javascript_robust_code_style": {
        "origin_pass@1": 0.6036585365853658,
        "perturbated_pass@1": 0.5975609756097561,
        "pass-drop@1": 0.01,
        "neg2pos": 1,
        "pos2neg": 2,
        "count": 164
    }
}