{
    "humaneval_generate_javascript_robust_insert": {
        "origin_pass@1": 0.036585365853658534,
        "perturbated_pass@1": 0.06707317073170732,
        "pass-drop@1": -0.833,
        "neg2pos": 9,
        "pos2neg": 4,
        "count": 164
    }
}