{
    "humaneval_generate_javascript_robust_code_style": {
        "origin_pass@1": 0.4573170731707317,
        "perturbated_pass@1": 0.5487804878048781,
        "pass-drop@1": -0.2,
        "neg2pos": 17,
        "pos2neg": 2,
        "count": 164
    }
}