{
    "humaneval_generate_javascript_robust_insert": {
        "origin_pass@1": 0.4695121951219512,
        "perturbated_pass@1": 0.40853658536585363,
        "pass-drop@1": 0.13,
        "neg2pos": 11,
        "pos2neg": 21,
        "count": 164
    }
}