{
    "humaneval_generate_cpp_robust_rename_instruct": {
        "origin_pass@1": 0.3902439024390244,
        "perturbated_pass@1": 0.2073170731707317,
        "pass-drop@1": 0.469,
        "neg2pos": 8,
        "pos2neg": 38,
        "count": 164
    }
}