{
    "humaneval_generate_python_robust_code_style": {
        "origin_pass@1": 0.5853658536585366,
        "perturbated_pass@1": 0.5792682926829268,
        "pass-drop@1": 0.01,
        "neg2pos": 1,
        "pos2neg": 2,
        "count": 164
    }
}