{
    "mbpp_generate_javascript_robust_code_stmt_exchange": {
        "origin_pass@1": 0.4943820224719101,
        "perturbated_pass@1": 0.10112359550561797,
        "pass-drop@1": 0.795,
        "neg2pos": 1,
        "pos2neg": 71,
        "count": 178
    }
}