{
    "mbpp_generate_java_robust_code_expression_exchange": {
        "origin_pass@1": 0.6954436450839329,
        "perturbated_pass@1": 0.4460431654676259,
        "pass-drop@1": 0.359,
        "neg2pos": 1,
        "pos2neg": 105,
        "count": 417
    }
}