{
    "mbpp_generate_cpp_robust_combined_perturbation_instruct": {
        "origin_pass@1": 0.5772532188841202,
        "perturbated_pass@1": 0.4957081545064378,
        "pass-drop@1": 0.141,
        "neg2pos": 28,
        "pos2neg": 66,
        "count": 466
    }
}