{
    "mbpp_generate_javascript_robust_combined_perturbation_instruct": {
        "origin_pass@1": 0.20470588235294118,
        "perturbated_pass@1": 0.31529411764705884,
        "pass-drop@1": -0.54,
        "neg2pos": 86,
        "pos2neg": 39,
        "count": 425
    }
}