{
    "humaneval_generate_python_robust_combined_perturbation": {
        "origin_pass@1": 0.5987654320987654,
        "perturbated_pass@1": 0.3271604938271605,
        "pass-drop@1": 0.454,
        "neg2pos": 4,
        "pos2neg": 48,
        "count": 162
    }
}