{
    "humaneval_generate_python_robust_insert": {
        "origin_pass@1": 0.5853658536585366,
        "perturbated_pass@1": 0.4817073170731707,
        "pass-drop@1": 0.177,
        "neg2pos": 1,
        "pos2neg": 18,
        "count": 164
    }
}