{
    "mbpp_generate_cpp_robust_rename_preprocess_normalize": {
        "origin_pass@1": 0.6693386773547094,
        "perturbated_pass@1": 0.6332665330661322,
        "pass-drop@1": 0.054,
        "neg2pos": 7,
        "pos2neg": 25,
        "count": 499
    }
}