{
    "humaneval_generate_python_robust_code_expression_exchange": {
        "origin_pass@1": 0.41346153846153844,
        "perturbated_pass@1": 0.20192307692307693,
        "pass-drop@1": 0.512,
        "neg2pos": 0,
        "pos2neg": 22,
        "count": 104
    }
}