{
    "humaneval_generate_python_robust_insert": {
        "origin_pass@1": 0.8170731707317073,
        "perturbated_pass@1": 0.6646341463414634,
        "pass-drop@1": 0.187,
        "neg2pos": 2,
        "pos2neg": 27,
        "count": 164
    }
}