{
    "mbpp_generate_python_robust_code_expression_exchange_instruct": {
        "origin_pass@1": 0.22325581395348837,
        "perturbated_pass@1": 0.2744186046511628,
        "pass-drop@1": -0.229,
        "neg2pos": 44,
        "pos2neg": 33,
        "count": 215
    }
}