{
    "humaneval_generate_cpp_robust_rename_instruct": {
        "origin_pass@1": 0.774390243902439,
        "perturbated_pass@1": 0.4451219512195122,
        "pass-drop@1": 0.425,
        "neg2pos": 5,
        "pos2neg": 59,
        "count": 164
    }
}