{
    "mbpp_generate_cpp_robust_code_expression_exchange": {
        "origin_pass@1": 0.6621621621621622,
        "perturbated_pass@1": 0.5675675675675675,
        "pass-drop@1": 0.143,
        "neg2pos": 9,
        "pos2neg": 51,
        "count": 444
    }
}