{
    "mbpp_generate_java_robust_combined_perturbation": {
        "origin_pass@1": 0.6753507014028056,
        "perturbated_pass@1": 0.40681362725450904,
        "pass-drop@1": 0.398,
        "neg2pos": 1,
        "pos2neg": 135,
        "count": 499
    }
}