{
    "mbpp_generate_java_robust_combined_perturbation": {
        "origin_pass@1": 0.717434869739479,
        "perturbated_pass@1": 0.45090180360721444,
        "pass-drop@1": 0.372,
        "neg2pos": 4,
        "pos2neg": 137,
        "count": 499
    }
}