{
    "humaneval_generate_python_robust_rename_instruct": {
        "origin_pass@1": 0.9207317073170732,
        "perturbated_pass@1": 0.38414634146341464,
        "pass-drop@1": 0.583,
        "neg2pos": 1,
        "pos2neg": 89,
        "count": 164
    }
}