{
    "humaneval_generate_python_robust_insert": {
        "origin_pass@1": 0.7682926829268293,
        "perturbated_pass@1": 0.6463414634146342,
        "pass-drop@1": 0.159,
        "neg2pos": 5,
        "pos2neg": 25,
        "count": 164
    }
}