{
    "mbpp_generate_cpp_robust_rename": {
        "origin_pass@1": 0.6953907815631263,
        "perturbated_pass@1": 0.6452905811623246,
        "pass-drop@1": 0.072,
        "neg2pos": 11,
        "pos2neg": 36,
        "count": 499
    }
}