{
    "humaneval_generate_javascript_robust_combined_perturbation": {
        "origin_pass@1": 0.4873417721518987,
        "perturbated_pass@1": 0.3860759493670886,
        "pass-drop@1": 0.208,
        "neg2pos": 6,
        "pos2neg": 22,
        "count": 158
    }
}