{
    "mbpp_generate_cpp_robust_rename_instruct_5sorted_prompt": {
        "origin_pass@1": 0.5971943887775552,
        "perturbated_pass@1": 0.5490981963927856,
        "pass-drop@1": 0.081,
        "neg2pos": 15,
        "pos2neg": 39,
        "count": 499
    }
}