{
    "humaneval_generate_cpp_robust_code_style_instruct": {
        "origin_pass@1": 0.2682926829268293,
        "perturbated_pass@1": 0.32926829268292684,
        "pass-drop@1": -0.227,
        "neg2pos": 34,
        "pos2neg": 24,
        "count": 164
    }
}