{
    "mbpp_generate_python_robust_code_expression_exchange": {
        "origin_pass@1": 0.6255707762557078,
        "perturbated_pass@1": 0.5662100456621004,
        "pass-drop@1": 0.095,
        "neg2pos": 7,
        "pos2neg": 20,
        "count": 219
    }
}