{
    "humaneval_generate_python_robust_code_style_instruct": {
        "origin_pass@1": 0.6707317073170732,
        "perturbated_pass@1": 0.5914634146341463,
        "pass-drop@1": 0.118,
        "neg2pos": 27,
        "pos2neg": 40,
        "count": 164
    }
}