{
    "mbpp_generate_cpp_robust_combined_perturbation": {
        "origin_pass@1": 0.4247967479674797,
        "perturbated_pass@1": 0.3597560975609756,
        "pass-drop@1": 0.153,
        "neg2pos": 14,
        "pos2neg": 46,
        "count": 492
    }
}