{
    "humaneval_generate_java_robust_insert": {
        "origin_pass@1": 0.774390243902439,
        "perturbated_pass@1": 0.6341463414634146,
        "pass-drop@1": 0.181,
        "neg2pos": 2,
        "pos2neg": 25,
        "count": 164
    }
}