{
    "mbpp_generate_cpp_robust_rename_instruct_3random_prompt": {
        "origin_pass@1": 0.7735470941883767,
        "perturbated_pass@1": 0.7474949899799599,
        "pass-drop@1": 0.034,
        "neg2pos": 16,
        "pos2neg": 29,
        "count": 499
    }
}