{
    "mbpp_generate_javascript_robust_code_stmt_exchange": {
        "origin_pass@1": 0.43820224719101125,
        "perturbated_pass@1": 0.1404494382022472,
        "pass-drop@1": 0.679,
        "neg2pos": 15,
        "pos2neg": 68,
        "count": 178
    }
}