{
    "humaneval_generate_javascript_robust_rename": {
        "origin_pass@1": 0.6036585365853658,
        "perturbated_pass@1": 0.5304878048780488,
        "pass-drop@1": 0.121,
        "neg2pos": 10,
        "pos2neg": 22,
        "count": 164
    }
}