{
    "humaneval_generate_cpp_robust_code_expression_exchange": {
        "origin_pass@1": 0.34146341463414637,
        "perturbated_pass@1": 0.32926829268292684,
        "pass-drop@1": 0.036,
        "neg2pos": 2,
        "pos2neg": 4,
        "count": 164
    }
}