{
    "mbpp_generate_cpp_robust_combined_perturbation": {
        "origin_pass@1": 0.7154471544715447,
        "perturbated_pass@1": 0.6097560975609756,
        "pass-drop@1": 0.148,
        "neg2pos": 8,
        "pos2neg": 60,
        "count": 492
    }
}