{
    "mbpp_generate_java_robust_combined_perturbation": {
        "origin_pass@1": 0.7134268537074149,
        "perturbated_pass@1": 0.4408817635270541,
        "pass-drop@1": 0.382,
        "neg2pos": 14,
        "pos2neg": 150,
        "count": 499
    }
}