{
    "humaneval_generate_java_robust_insert_instruct": {
        "origin_pass@1": 0.7560975609756098,
        "perturbated_pass@1": 0.7378048780487805,
        "pass-drop@1": 0.024,
        "neg2pos": 13,
        "pos2neg": 16,
        "count": 164
    }
}