{
    "humaneval_generate_cpp_robust_rename_instruct": {
        "origin_pass@1": 0.725609756097561,
        "perturbated_pass@1": 0.3719512195121951,
        "pass-drop@1": 0.487,
        "neg2pos": 0,
        "pos2neg": 58,
        "count": 164
    }
}