{
    "mbpp_generate_java_robust_combined_perturbation_instruct": {
        "origin_pass@1": 0.3200836820083682,
        "perturbated_pass@1": 0.41631799163179917,
        "pass-drop@1": -0.301,
        "neg2pos": 117,
        "pos2neg": 71,
        "count": 478
    }
}