{
    "humaneval_generate_cpp_robust_insert_instruct": {
        "origin_pass@1": 0.725609756097561,
        "perturbated_pass@1": 0.6829268292682927,
        "pass-drop@1": 0.059,
        "neg2pos": 6,
        "pos2neg": 13,
        "count": 164
    }
}