{
    "humaneval_generate_java_robust_insert": {
        "origin_pass@1": 0.8170731707317073,
        "perturbated_pass@1": 0.725609756097561,
        "pass-drop@1": 0.112,
        "neg2pos": 2,
        "pos2neg": 17,
        "count": 164
    }
}