{
    "humaneval_generate_cpp_robust_code_expression_exchange": {
        "origin_pass@1": 0.7560975609756098,
        "perturbated_pass@1": 0.6890243902439024,
        "pass-drop@1": 0.089,
        "neg2pos": 3,
        "pos2neg": 14,
        "count": 164
    }
}