{
    "mbpp_generate_javascript_robust_combined_perturbation": {
        "origin_pass@1": 0.5204918032786885,
        "perturbated_pass@1": 0.46311475409836067,
        "pass-drop@1": 0.11,
        "neg2pos": 47,
        "pos2neg": 75,
        "count": 488
    }
}