{
    "humaneval_generate_python_robust_rename_instruct": {
        "origin_pass@1": 0.6707317073170732,
        "perturbated_pass@1": 0.22560975609756098,
        "pass-drop@1": 0.664,
        "neg2pos": 1,
        "pos2neg": 74,
        "count": 164
    }
}