{
    "humaneval_generate_cpp_robust_insert": {
        "origin_pass@1": 0.34146341463414637,
        "perturbated_pass@1": 0.2804878048780488,
        "pass-drop@1": 0.179,
        "neg2pos": 4,
        "pos2neg": 14,
        "count": 164
    }
}