{
    "mbpp_generate_cpp_robust_combined_perturbation_instruct": {
        "origin_pass@1": 0.7532188841201717,
        "perturbated_pass@1": 0.7167381974248928,
        "pass-drop@1": 0.048,
        "neg2pos": 13,
        "pos2neg": 30,
        "count": 466
    }
}