{
    "humaneval_generate_cpp_robust_code_style_instruct": {
        "origin_pass@1": 0.36585365853658536,
        "perturbated_pass@1": 0.38414634146341464,
        "pass-drop@1": -0.05,
        "neg2pos": 16,
        "pos2neg": 13,
        "count": 164
    }
}