{
    "mbpp_generate_javascript_robust_code_expression_exchange": {
        "origin_pass@1": 0.6344086021505376,
        "perturbated_pass@1": 0.5878136200716846,
        "pass-drop@1": 0.073,
        "neg2pos": 6,
        "pos2neg": 19,
        "count": 279
    }
}