{
    "humaneval_generate_javascript_robust_insert": {
        "origin_pass@1": 0.6890243902439024,
        "perturbated_pass@1": 0.5121951219512195,
        "pass-drop@1": 0.257,
        "neg2pos": 2,
        "pos2neg": 31,
        "count": 164
    }
}