{
    "mbpp_generate_javascript_robust_code_stmt_exchange_instruct": {
        "origin_pass@1": 0.2303370786516854,
        "perturbated_pass@1": 0.21910112359550563,
        "pass-drop@1": 0.049,
        "neg2pos": 12,
        "pos2neg": 14,
        "count": 178
    }
}