{
    "mbpp_generate_cpp_robust_code_expression_exchange_instruct": {
        "origin_pass@1": 0.5033860045146726,
        "perturbated_pass@1": 0.45146726862302483,
        "pass-drop@1": 0.103,
        "neg2pos": 36,
        "pos2neg": 59,
        "count": 443
    }
}