{
    "mbpp_generate_javascript_robust_code_expression_exchange": {
        "origin_pass@1": 0.46953405017921146,
        "perturbated_pass@1": 0.5089605734767025,
        "pass-drop@1": -0.084,
        "neg2pos": 75,
        "pos2neg": 64,
        "count": 279
    }
}