{
    "humaneval_generate_java_robust_code_stmt_exchange": {
        "origin_pass@1": 0.3584905660377358,
        "perturbated_pass@1": 0.05660377358490566,
        "pass-drop@1": 0.842,
        "neg2pos": 0,
        "pos2neg": 16,
        "count": 53
    }
}