{
    "mbpp_generate_cpp_robust_rename_instruct_3random_prompt": {
        "origin_pass@1": 0.5851703406813628,
        "perturbated_pass@1": 0.5531062124248497,
        "pass-drop@1": 0.055,
        "neg2pos": 27,
        "pos2neg": 43,
        "count": 499
    }
}