{
    "humaneval_generate_cpp_robust_code_expression_exchange": {
        "origin_pass@1": 0.43902439024390244,
        "perturbated_pass@1": 0.38414634146341464,
        "pass-drop@1": 0.125,
        "neg2pos": 4,
        "pos2neg": 13,
        "count": 164
    }
}