{
    "mbpp_generate_cpp_robust_rename_instruct_1sorted_prompt": {
        "origin_pass@1": 0.49298597194388777,
        "perturbated_pass@1": 0.43687374749499,
        "pass-drop@1": 0.114,
        "neg2pos": 13,
        "pos2neg": 41,
        "count": 499
    }
}