{
    "mbpp_generate_java_robust_code_expression_exchange": {
        "origin_pass@1": 0.7697841726618705,
        "perturbated_pass@1": 0.539568345323741,
        "pass-drop@1": 0.299,
        "neg2pos": 3,
        "pos2neg": 99,
        "count": 417
    }
}