{
    "humaneval_generate_javascript_robust_code_stmt_exchange": {
        "origin_pass@1": 0.39655172413793105,
        "perturbated_pass@1": 0.1896551724137931,
        "pass-drop@1": 0.522,
        "neg2pos": 0,
        "pos2neg": 12,
        "count": 58
    }
}