{
    "humaneval_generate_python_robust_rename": {
        "origin_pass@1": 0.5853658536585366,
        "perturbated_pass@1": 0.17073170731707318,
        "pass-drop@1": 0.708,
        "neg2pos": 2,
        "pos2neg": 70,
        "count": 164
    }
}