{
    "mbpp_generate_cpp_robust_code_stmt_exchange": {
        "origin_pass@1": 0.47058823529411764,
        "perturbated_pass@1": 0.5294117647058824,
        "pass-drop@1": -0.125,
        "neg2pos": 3,
        "pos2neg": 1,
        "count": 34
    }
}