{
    "mbpp_generate_cpp_robust_rename_instruct_5random_prompt": {
        "origin_pass@1": 0.46092184368737477,
        "perturbated_pass@1": 0.41082164328657317,
        "pass-drop@1": 0.109,
        "neg2pos": 18,
        "pos2neg": 43,
        "count": 499
    }
}