{
    "humaneval_generate_javascript_robust_insert_instruct": {
        "origin_pass@1": 0.5304878048780488,
        "perturbated_pass@1": 0.6097560975609756,
        "pass-drop@1": -0.149,
        "neg2pos": 30,
        "pos2neg": 17,
        "count": 164
    }
}