{
    "humaneval_generate_javascript_robust_combined_perturbation": {
        "origin_pass@1": 0.6835443037974683,
        "perturbated_pass@1": 0.5253164556962026,
        "pass-drop@1": 0.231,
        "neg2pos": 2,
        "pos2neg": 27,
        "count": 158
    }
}