{
    "mbpp_generate_javascript_robust_code_stmt_exchange": {
        "origin_pass@1": 0.6179775280898876,
        "perturbated_pass@1": 0.1853932584269663,
        "pass-drop@1": 0.7,
        "neg2pos": 5,
        "pos2neg": 82,
        "count": 178
    }
}