{
    "humaneval_generate_cpp_robust_rename_instruct": {
        "origin_pass@1": 0.2682926829268293,
        "perturbated_pass@1": 0.12804878048780488,
        "pass-drop@1": 0.523,
        "neg2pos": 4,
        "pos2neg": 27,
        "count": 164
    }
}