{
  "humaneval": {
    "pass@1": 0.5792682926829268,
    "pass_rate@1": 0.7301902450530499
  }
}