{
    "humaneval_generate_java_robust_code_style_instruct": {
        "origin_pass@1": 0.7560975609756098,
        "perturbated_pass@1": 0.7073170731707317,
        "pass-drop@1": 0.065,
        "neg2pos": 17,
        "pos2neg": 25,
        "count": 164
    }
}