{
    "mbpp_generate_cpp_robust_rename_instruct": {
        "origin_pass@1": 0.5991983967935872,
        "perturbated_pass@1": 0.5991983967935872,
        "pass-drop@1": 0.0,
        "neg2pos": 29,
        "pos2neg": 29,
        "count": 499
    }
}