{
    "mbpp_generate_python_robust_code_expression_exchange": {
        "origin_pass@1": 0.4611872146118721,
        "perturbated_pass@1": 0.2968036529680365,
        "pass-drop@1": 0.356,
        "neg2pos": 4,
        "pos2neg": 40,
        "count": 219
    }
}