{
    "humaneval_generate_java_robust_code_expression_exchange": {
        "origin_pass@1": 0.8014184397163121,
        "perturbated_pass@1": 0.6028368794326241,
        "pass-drop@1": 0.248,
        "neg2pos": 0,
        "pos2neg": 28,
        "count": 141
    }
}