{
    "humaneval_generate_python_robust_combined_perturbation_instruct": {
        "origin_pass@1": 0.5182926829268293,
        "perturbated_pass@1": 0.32926829268292684,
        "pass-drop@1": 0.365,
        "neg2pos": 11,
        "pos2neg": 42,
        "count": 164
    }
}