{
    "mbpp_generate_javascript_robust_code_style_instruct_1random_prompt": {
        "origin_pass@1": 0.4173387096774194,
        "perturbated_pass@1": 0.40725806451612906,
        "pass-drop@1": 0.024,
        "neg2pos": 28,
        "pos2neg": 33,
        "count": 496
    }
}