{
    "humaneval_generate_python_robust_code_style": {
        "origin_pass@1": 0.7682926829268293,
        "perturbated_pass@1": 0.774390243902439,
        "pass-drop@1": -0.008,
        "neg2pos": 5,
        "pos2neg": 4,
        "count": 164
    }
}