{
    "mbpp_generate_java_robust_combined_perturbation_instruct": {
        "origin_pass@1": 0.5313807531380753,
        "perturbated_pass@1": 0.29707112970711297,
        "pass-drop@1": 0.441,
        "neg2pos": 21,
        "pos2neg": 133,
        "count": 478
    }
}