{
    "mbpp_generate_cpp_robust_rename": {
        "origin_pass@1": 0.5831663326653307,
        "perturbated_pass@1": 0.5390781563126252,
        "pass-drop@1": 0.076,
        "neg2pos": 12,
        "pos2neg": 34,
        "count": 499
    }
}