{
    "mbpp_generate_cpp_robust_rename_instruct_3sorted_prompt": {
        "origin_pass@1": 0.5811623246492986,
        "perturbated_pass@1": 0.5470941883767535,
        "pass-drop@1": 0.059,
        "neg2pos": 16,
        "pos2neg": 33,
        "count": 499
    }
}