{
    "humaneval_generate_javascript_robust_combined_perturbation": {
        "origin_pass@1": 0.5949367088607594,
        "perturbated_pass@1": 0.4620253164556962,
        "pass-drop@1": 0.223,
        "neg2pos": 4,
        "pos2neg": 25,
        "count": 158
    }
}