{
    "mbpp_generate_cpp_robust_combined_perturbation_instruct": {
        "origin_pass@1": 0.7725321888412017,
        "perturbated_pass@1": 0.7103004291845494,
        "pass-drop@1": 0.081,
        "neg2pos": 4,
        "pos2neg": 33,
        "count": 466
    }
}