{
    "humaneval_generate_java_robust_code_style_instruct": {
        "origin_pass@1": 0.7317073170731707,
        "perturbated_pass@1": 0.7378048780487805,
        "pass-drop@1": -0.008,
        "neg2pos": 6,
        "pos2neg": 5,
        "count": 164
    }
}