{
    "humaneval_generate_java_robust_insert_instruct": {
        "origin_pass@1": 0.6341463414634146,
        "perturbated_pass@1": 0.5853658536585366,
        "pass-drop@1": 0.077,
        "neg2pos": 15,
        "pos2neg": 23,
        "count": 164
    }
}