{
    "humaneval_generate_java_robust_rename": {
        "origin_pass@1": 0.8902439024390244,
        "perturbated_pass@1": 0.8780487804878049,
        "pass-drop@1": 0.014,
        "neg2pos": 2,
        "pos2neg": 4,
        "count": 164
    }
}