{
    "mbpp_generate_javascript_robust_code_stmt_exchange": {
        "origin_pass@1": 0.46629213483146065,
        "perturbated_pass@1": 0.19101123595505617,
        "pass-drop@1": 0.59,
        "neg2pos": 3,
        "pos2neg": 52,
        "count": 178
    }
}