{
    "humaneval_generate_javascript_robust_rename": {
        "origin_pass@1": 0.7621951219512195,
        "perturbated_pass@1": 0.7439024390243902,
        "pass-drop@1": 0.024,
        "neg2pos": 2,
        "pos2neg": 5,
        "count": 164
    }
}