{
    "humaneval_generate_java_robust_insert": {
        "origin_pass@1": 0.6219512195121951,
        "perturbated_pass@1": 0.5670731707317073,
        "pass-drop@1": 0.088,
        "neg2pos": 4,
        "pos2neg": 13,
        "count": 164
    }
}