{
    "humaneval_generate_python_robust_insert_instruct": {
        "origin_pass@1": 0.5182926829268293,
        "perturbated_pass@1": 0.4024390243902439,
        "pass-drop@1": 0.224,
        "neg2pos": 14,
        "pos2neg": 33,
        "count": 164
    }
}