{
    "humaneval_generate_cpp_robust_code_style": {
        "origin_pass@1": 0.6646341463414634,
        "perturbated_pass@1": 0.6707317073170732,
        "pass-drop@1": -0.009,
        "neg2pos": 2,
        "pos2neg": 1,
        "count": 164
    }
}