{
    "humaneval_generate_python_robust_rename": {
        "origin_pass@1": 0.7926829268292683,
        "perturbated_pass@1": 0.27439024390243905,
        "pass-drop@1": 0.654,
        "neg2pos": 1,
        "pos2neg": 86,
        "count": 164
    }
}