{
    "mbpp_generate_cpp_robust_rename_instruct_5sorted_prompt": {
        "origin_pass@1": 0.4709418837675351,
        "perturbated_pass@1": 0.4248496993987976,
        "pass-drop@1": 0.098,
        "neg2pos": 20,
        "pos2neg": 43,
        "count": 499
    }
}