{
    "humaneval_generate_javascript_robust_insert": {
        "origin_pass@1": 0.3902439024390244,
        "perturbated_pass@1": 0.2865853658536585,
        "pass-drop@1": 0.266,
        "neg2pos": 2,
        "pos2neg": 19,
        "count": 164
    }
}