{
    "mbpp_generate_cpp_robust_rename_instruct_1random_prompt": {
        "origin_pass@1": 0.45490981963927857,
        "perturbated_pass@1": 0.4468937875751503,
        "pass-drop@1": 0.018,
        "neg2pos": 64,
        "pos2neg": 68,
        "count": 499
    }
}