{
    "humaneval_generate_javascript_robust_insert_instruct": {
        "origin_pass@1": 0.7804878048780488,
        "perturbated_pass@1": 0.7317073170731707,
        "pass-drop@1": 0.062,
        "neg2pos": 4,
        "pos2neg": 12,
        "count": 164
    }
}