{
    "humaneval_generate_cpp_robust_code_expression_exchange": {
        "origin_pass@1": 0.5060975609756098,
        "perturbated_pass@1": 0.4634146341463415,
        "pass-drop@1": 0.084,
        "neg2pos": 5,
        "pos2neg": 12,
        "count": 164
    }
}