{
    "mbpp_generate_cpp_robust_rename_instruct_5random_prompt": {
        "origin_pass@1": 0.5691382765531062,
        "perturbated_pass@1": 0.5250501002004008,
        "pass-drop@1": 0.077,
        "neg2pos": 33,
        "pos2neg": 55,
        "count": 499
    }
}