{
    "mbpp_generate_cpp_robust_rename_instruct_3sorted_prompt": {
        "origin_pass@1": 0.6432865731462926,
        "perturbated_pass@1": 0.5831663326653307,
        "pass-drop@1": 0.093,
        "neg2pos": 12,
        "pos2neg": 42,
        "count": 499
    }
}