{
    "humaneval_generate_python_robust_rename_instruct": {
        "origin_pass@1": 0.8414634146341463,
        "perturbated_pass@1": 0.3475609756097561,
        "pass-drop@1": 0.587,
        "neg2pos": 1,
        "pos2neg": 82,
        "count": 164
    }
}