{
    "humaneval_generate_python_robust_code_style_instruct": {
        "origin_pass@1": 0.3780487804878049,
        "perturbated_pass@1": 0.3597560975609756,
        "pass-drop@1": 0.048,
        "neg2pos": 26,
        "pos2neg": 29,
        "count": 164
    }
}