{
    "mbpp_generate_cpp_robust_code_expression_exchange_instruct": {
        "origin_pass@1": 0.5530474040632054,
        "perturbated_pass@1": 0.47404063205417607,
        "pass-drop@1": 0.143,
        "neg2pos": 29,
        "pos2neg": 64,
        "count": 443
    }
}