{
    "humaneval_generate_cpp_robust_code_expression_exchange": {
        "origin_pass@1": 0.6524390243902439,
        "perturbated_pass@1": 0.5548780487804879,
        "pass-drop@1": 0.15,
        "neg2pos": 1,
        "pos2neg": 17,
        "count": 164
    }
}