{
    "humaneval_generate_python_robust_rename_instruct": {
        "origin_pass@1": 0.43902439024390244,
        "perturbated_pass@1": 0.17682926829268292,
        "pass-drop@1": 0.597,
        "neg2pos": 8,
        "pos2neg": 51,
        "count": 164
    }
}