{
    "mbpp_generate_cpp_robust_combined_perturbation_instruct": {
        "origin_pass@1": 0.6008583690987125,
        "perturbated_pass@1": 0.5386266094420601,
        "pass-drop@1": 0.104,
        "neg2pos": 38,
        "pos2neg": 67,
        "count": 466
    }
}