{
    "mbpp_generate_cpp_robust_code_stmt_exchange_instruct": {
        "origin_pass@1": 0.35294117647058826,
        "perturbated_pass@1": 0.38235294117647056,
        "pass-drop@1": -0.083,
        "neg2pos": 1,
        "pos2neg": 0,
        "count": 34
    }
}