{
    "humaneval_generate_javascript_robust_insert_instruct": {
        "origin_pass@1": 0.24390243902439024,
        "perturbated_pass@1": 0.27439024390243905,
        "pass-drop@1": -0.125,
        "neg2pos": 32,
        "pos2neg": 27,
        "count": 164
    }
}