{
    "humaneval_generate_cpp_robust_combined_perturbation_instruct": {
        "origin_pass@1": 0.4012345679012346,
        "perturbated_pass@1": 0.41975308641975306,
        "pass-drop@1": -0.046,
        "neg2pos": 33,
        "pos2neg": 30,
        "count": 162
    }
}