{
    "humaneval_generate_cpp_robust_rename_instruct": {
        "origin_pass@1": 0.3048780487804878,
        "perturbated_pass@1": 0.16463414634146342,
        "pass-drop@1": 0.46,
        "neg2pos": 13,
        "pos2neg": 36,
        "count": 164
    }
}