{
    "humaneval_generate_cpp_robust_code_expression_exchange": {
        "origin_pass@1": 0.31097560975609756,
        "perturbated_pass@1": 0.3170731707317073,
        "pass-drop@1": -0.02,
        "neg2pos": 4,
        "pos2neg": 3,
        "count": 164
    }
}