{
    "humaneval_generate_java_robust_code_expression_exchange": {
        "origin_pass@1": 0.6312056737588653,
        "perturbated_pass@1": 0.49645390070921985,
        "pass-drop@1": 0.213,
        "neg2pos": 0,
        "pos2neg": 19,
        "count": 141
    }
}