{
    "humaneval_generate_cpp_robust_code_style": {
        "origin_pass@1": 0.6524390243902439,
        "perturbated_pass@1": 0.6341463414634146,
        "pass-drop@1": 0.028,
        "neg2pos": 2,
        "pos2neg": 5,
        "count": 164
    }
}