{
    "humaneval_generate_java_robust_insert": {
        "origin_pass@1": 0.6707317073170732,
        "perturbated_pass@1": 0.5853658536585366,
        "pass-drop@1": 0.127,
        "neg2pos": 4,
        "pos2neg": 18,
        "count": 164
    }
}