{
    "humaneval_generate_javascript_robust_combined_perturbation": {
        "origin_pass@1": 0.5949367088607594,
        "perturbated_pass@1": 0.4430379746835443,
        "pass-drop@1": 0.255,
        "neg2pos": 2,
        "pos2neg": 26,
        "count": 158
    }
}