{
    "mbpp_generate_cpp_robust_rename_preprocess_normalize": {
        "origin_pass@1": 0.5270541082164328,
        "perturbated_pass@1": 0.4849699398797595,
        "pass-drop@1": 0.08,
        "neg2pos": 11,
        "pos2neg": 32,
        "count": 499
    }
}