{
    "mbpp_generate_java_robust_code_stmt_exchange": {
        "origin_pass@1": 0.723404255319149,
        "perturbated_pass@1": 0.2393617021276596,
        "pass-drop@1": 0.669,
        "neg2pos": 4,
        "pos2neg": 95,
        "count": 188
    }
}