{
    "mbpp_generate_python_robust_code_expression_exchange": {
        "origin_pass@1": 0.3789954337899543,
        "perturbated_pass@1": 0.3059360730593607,
        "pass-drop@1": 0.193,
        "neg2pos": 0,
        "pos2neg": 16,
        "count": 219
    }
}