{
    "mbpp_generate_javascript_robust_code_expression_exchange": {
        "origin_pass@1": 0.6738351254480287,
        "perturbated_pass@1": 0.6272401433691757,
        "pass-drop@1": 0.069,
        "neg2pos": 3,
        "pos2neg": 16,
        "count": 279
    }
}