{
    "mbpp_generate_java_robust_code_stmt_exchange_instruct": {
        "origin_pass@1": 0.526595744680851,
        "perturbated_pass@1": 0.5106382978723404,
        "pass-drop@1": 0.03,
        "neg2pos": 44,
        "pos2neg": 47,
        "count": 188
    }
}