{
    "mbpp_generate_javascript_robust_code_stmt_exchange_instruct": {
        "origin_pass@1": 0.38764044943820225,
        "perturbated_pass@1": 0.30337078651685395,
        "pass-drop@1": 0.217,
        "neg2pos": 6,
        "pos2neg": 21,
        "count": 178
    }
}