{
    "mbpp_generate_cpp_robust_combined_perturbation": {
        "origin_pass@1": 0.4613821138211382,
        "perturbated_pass@1": 0.5101626016260162,
        "pass-drop@1": -0.106,
        "neg2pos": 58,
        "pos2neg": 34,
        "count": 492
    }
}