{
    "mbpp_generate_cpp_robust_code_stmt_exchange_instruct": {
        "origin_pass@1": 0.08823529411764706,
        "perturbated_pass@1": 0.08823529411764706,
        "pass-drop@1": 0.0,
        "neg2pos": 0,
        "pos2neg": 0,
        "count": 34
    }
}