{
    "mbpp_generate_javascript_robust_code_stmt_exchange_instruct": {
        "origin_pass@1": 0.19101123595505617,
        "perturbated_pass@1": 0.17415730337078653,
        "pass-drop@1": 0.088,
        "neg2pos": 6,
        "pos2neg": 9,
        "count": 178
    }
}