{
    "humaneval_generate_python_robust_combined_perturbation": {
        "origin_pass@1": 0.7654320987654321,
        "perturbated_pass@1": 0.38271604938271603,
        "pass-drop@1": 0.5,
        "neg2pos": 3,
        "pos2neg": 65,
        "count": 162
    }
}