{
    "humaneval_generate_python_robust_insert_instruct": {
        "origin_pass@1": 0.43902439024390244,
        "perturbated_pass@1": 0.3475609756097561,
        "pass-drop@1": 0.208,
        "neg2pos": 14,
        "pos2neg": 29,
        "count": 164
    }
}