{
    "humaneval_generate_cpp_robust_code_stmt_exchange": {
        "origin_pass@1": 0.2222222222222222,
        "perturbated_pass@1": 0.18518518518518517,
        "pass-drop@1": 0.167,
        "neg2pos": 0,
        "pos2neg": 1,
        "count": 27
    }
}