{
    "humaneval_generate_java_robust_insert": {
        "origin_pass@1": 0.8902439024390244,
        "perturbated_pass@1": 0.8414634146341463,
        "pass-drop@1": 0.055,
        "neg2pos": 1,
        "pos2neg": 9,
        "count": 164
    }
}