{
    "humaneval_generate_cpp_robust_rename": {
        "origin_pass@1": 0.6829268292682927,
        "perturbated_pass@1": 0.24390243902439024,
        "pass-drop@1": 0.643,
        "neg2pos": 2,
        "pos2neg": 74,
        "count": 164
    }
}