{
    "humaneval_generate_java_robust_insert_instruct": {
        "origin_pass@1": 0.31097560975609756,
        "perturbated_pass@1": 0.4024390243902439,
        "pass-drop@1": -0.294,
        "neg2pos": 27,
        "pos2neg": 12,
        "count": 164
    }
}