{
    "mbpp_generate_cpp_robust_code_stmt_exchange": {
        "origin_pass@1": 0.2647058823529412,
        "perturbated_pass@1": 0.2647058823529412,
        "pass-drop@1": 0.0,
        "neg2pos": 0,
        "pos2neg": 0,
        "count": 34
    }
}