{
    "mbpp_generate_java_robust_combined_perturbation": {
        "origin_pass@1": 0.7214428857715431,
        "perturbated_pass@1": 0.44889779559118237,
        "pass-drop@1": 0.378,
        "neg2pos": 2,
        "pos2neg": 138,
        "count": 499
    }
}