{
    "mbpp_generate_cpp_robust_code_expression_exchange_instruct": {
        "origin_pass@1": 0.4672686230248307,
        "perturbated_pass@1": 0.3860045146726862,
        "pass-drop@1": 0.174,
        "neg2pos": 21,
        "pos2neg": 57,
        "count": 443
    }
}