{
    "humaneval_generate_cpp_robust_code_style": {
        "origin_pass@1": 0.6646341463414634,
        "perturbated_pass@1": 0.6524390243902439,
        "pass-drop@1": 0.018,
        "neg2pos": 2,
        "pos2neg": 4,
        "count": 164
    }
}