{
    "humaneval_generate_cpp_robust_rename": {
        "origin_pass@1": 0.6646341463414634,
        "perturbated_pass@1": 0.2621951219512195,
        "pass-drop@1": 0.605,
        "neg2pos": 2,
        "pos2neg": 68,
        "count": 164
    }
}