{
    "mbpp_generate_java_robust_code_expression_exchange": {
        "origin_pass@1": 0.6474820143884892,
        "perturbated_pass@1": 0.39568345323741005,
        "pass-drop@1": 0.389,
        "neg2pos": 3,
        "pos2neg": 108,
        "count": 417
    }
}