{
    "humaneval_generate_javascript_robust_rename": {
        "origin_pass@1": 0.5975609756097561,
        "perturbated_pass@1": 0.6036585365853658,
        "pass-drop@1": -0.01,
        "neg2pos": 9,
        "pos2neg": 8,
        "count": 164
    }
}