{
    "humaneval_generate_java_robust_insert": {
        "origin_pass@1": 0.5548780487804879,
        "perturbated_pass@1": 0.524390243902439,
        "pass-drop@1": 0.055,
        "neg2pos": 4,
        "pos2neg": 9,
        "count": 164
    }
}