{
    "humaneval_generate_python_robust_combined_perturbation": {
        "origin_pass@1": 0.6790123456790124,
        "perturbated_pass@1": 0.3333333333333333,
        "pass-drop@1": 0.509,
        "neg2pos": 5,
        "pos2neg": 61,
        "count": 162
    }
}