{
    "humaneval_generate_cpp_robust_combined_perturbation": {
        "origin_pass@1": 0.6604938271604939,
        "perturbated_pass@1": 0.46296296296296297,
        "pass-drop@1": 0.299,
        "neg2pos": 1,
        "pos2neg": 33,
        "count": 162
    }
}