{
    "humaneval_generate_java_robust_rename": {
        "origin_pass@1": 0.6707317073170732,
        "perturbated_pass@1": 0.6524390243902439,
        "pass-drop@1": 0.027,
        "neg2pos": 5,
        "pos2neg": 8,
        "count": 164
    }
}