{
    "humaneval_generate_java_robust_code_stmt_exchange": {
        "origin_pass@1": 0.6981132075471698,
        "perturbated_pass@1": 0.18867924528301888,
        "pass-drop@1": 0.73,
        "neg2pos": 1,
        "pos2neg": 28,
        "count": 53
    }
}