{
    "humaneval_generate_cpp_robust_code_style_instruct": {
        "origin_pass@1": 0.5121951219512195,
        "perturbated_pass@1": 0.6097560975609756,
        "pass-drop@1": -0.19,
        "neg2pos": 24,
        "pos2neg": 8,
        "count": 164
    }
}