{
    "humaneval_generate_javascript_robust_combined_perturbation": {
        "origin_pass@1": 0.7151898734177216,
        "perturbated_pass@1": 0.5379746835443038,
        "pass-drop@1": 0.248,
        "neg2pos": 2,
        "pos2neg": 30,
        "count": 158
    }
}