{
    "mbpp_generate_javascript_robust_code_expression_exchange": {
        "origin_pass@1": 0.5949820788530465,
        "perturbated_pass@1": 0.5698924731182796,
        "pass-drop@1": 0.042,
        "neg2pos": 8,
        "pos2neg": 15,
        "count": 279
    }
}