{
    "humaneval_generate_javascript_robust_code_style_instruct": {
        "origin_pass@1": 0.6097560975609756,
        "perturbated_pass@1": 0.6463414634146342,
        "pass-drop@1": -0.06,
        "neg2pos": 17,
        "pos2neg": 11,
        "count": 164
    }
}