{
    "mbpp_generate_java_robust_code_stmt_exchange": {
        "origin_pass@1": 0.4946808510638298,
        "perturbated_pass@1": 0.2074468085106383,
        "pass-drop@1": 0.581,
        "neg2pos": 3,
        "pos2neg": 57,
        "count": 188
    }
}