{
    "mbpp_generate_javascript_robust_code_stmt_exchange": {
        "origin_pass@1": 0.5617977528089888,
        "perturbated_pass@1": 0.1404494382022472,
        "pass-drop@1": 0.75,
        "neg2pos": 1,
        "pos2neg": 76,
        "count": 178
    }
}