{
    "mbpp_generate_cpp_robust_code_expression_exchange": {
        "origin_pass@1": 0.42342342342342343,
        "perturbated_pass@1": 0.3716216216216216,
        "pass-drop@1": 0.122,
        "neg2pos": 7,
        "pos2neg": 30,
        "count": 444
    }
}