{
    "mbpp_generate_javascript_robust_code_expression_exchange": {
        "origin_pass@1": 0.5806451612903226,
        "perturbated_pass@1": 0.5591397849462365,
        "pass-drop@1": 0.037,
        "neg2pos": 10,
        "pos2neg": 16,
        "count": 279
    }
}