{
    "humaneval_generate_java_robust_code_style": {
        "origin_pass@1": 0.7865853658536586,
        "perturbated_pass@1": 0.7804878048780488,
        "pass-drop@1": 0.008,
        "neg2pos": 1,
        "pos2neg": 2,
        "count": 164
    }
}