{
    "humaneval_generate_java_robust_code_style": {
        "origin_pass@1": 0.8170731707317073,
        "perturbated_pass@1": 0.823170731707317,
        "pass-drop@1": -0.007,
        "neg2pos": 1,
        "pos2neg": 0,
        "count": 164
    }
}