{
    "humaneval_generate_javascript_robust_insert_instruct": {
        "origin_pass@1": 0.38414634146341464,
        "perturbated_pass@1": 0.3475609756097561,
        "pass-drop@1": 0.095,
        "neg2pos": 25,
        "pos2neg": 31,
        "count": 164
    }
}