{
    "mbpp_generate_cpp_robust_rename_instruct_1random_prompt": {
        "origin_pass@1": 0.7675350701402806,
        "perturbated_pass@1": 0.7374749498997996,
        "pass-drop@1": 0.039,
        "neg2pos": 16,
        "pos2neg": 31,
        "count": 499
    }
}