{
    "humaneval_generate_python_robust_code_expression_exchange": {
        "origin_pass@1": 0.40384615384615385,
        "perturbated_pass@1": 0.2403846153846154,
        "pass-drop@1": 0.405,
        "neg2pos": 2,
        "pos2neg": 19,
        "count": 104
    }
}