{
    "humaneval_generate_cpp_robust_rename_instruct": {
        "origin_pass@1": 0.7987804878048781,
        "perturbated_pass@1": 0.45121951219512196,
        "pass-drop@1": 0.435,
        "neg2pos": 2,
        "pos2neg": 59,
        "count": 164
    }
}