{
    "mbpp_generate_python_robust_code_expression_exchange": {
        "origin_pass@1": 0.4794520547945205,
        "perturbated_pass@1": 0.4155251141552511,
        "pass-drop@1": 0.133,
        "neg2pos": 7,
        "pos2neg": 21,
        "count": 219
    }
}