{
    "mbpp_generate_java_robust_combined_perturbation": {
        "origin_pass@1": 0.717434869739479,
        "perturbated_pass@1": 0.43687374749499,
        "pass-drop@1": 0.391,
        "neg2pos": 5,
        "pos2neg": 145,
        "count": 499
    }
}