{
    "humaneval_generate_python_robust_rename_instruct": {
        "origin_pass@1": 0.7926829268292683,
        "perturbated_pass@1": 0.3597560975609756,
        "pass-drop@1": 0.546,
        "neg2pos": 3,
        "pos2neg": 74,
        "count": 164
    }
}