{
    "mbpp_generate_java_robust_combined_perturbation": {
        "origin_pass@1": 0.7034068136272545,
        "perturbated_pass@1": 0.45691382765531063,
        "pass-drop@1": 0.35,
        "neg2pos": 11,
        "pos2neg": 134,
        "count": 499
    }
}