{
    "mbpp_generate_java_robust_combined_perturbation": {
        "origin_pass@1": 0.5771543086172345,
        "perturbated_pass@1": 0.35070140280561124,
        "pass-drop@1": 0.392,
        "neg2pos": 9,
        "pos2neg": 122,
        "count": 499
    }
}