{
    "humaneval_generate_javascript_robust_insert": {
        "origin_pass@1": 0.5975609756097561,
        "perturbated_pass@1": 0.39634146341463417,
        "pass-drop@1": 0.337,
        "neg2pos": 2,
        "pos2neg": 35,
        "count": 164
    }
}