{
    "humaneval_generate_java_robust_rename": {
        "origin_pass@1": 0.7378048780487805,
        "perturbated_pass@1": 0.676829268292683,
        "pass-drop@1": 0.083,
        "neg2pos": 0,
        "pos2neg": 10,
        "count": 164
    }
}